Workbook

Sheet Summary
A1: ENReT v1.0.0 — Numerical validation
A2: All results are computed by formulas from the other sheets. Criterion for certified or independently computed references: LRE ≥ 5 (at least 5 correct significant digits).
A4: Validation | B4: Reference | C4: Comparisons | D4: Minimum LRE | E4: LRE ≥ 5 | F4: Share LRE ≥ 5 | G4: Notes
A5: NIST: parameters and RSS | B5: Certified values (NIST) | C5: =COUNT(NIST!G6:G291) -> 286 | D5: =MIN(NIST!G6:G291) -> 0.079893145 | E5: =COUNTIF(NIST!G6:G291,">=5") -> 282 | F5: =E5/C5 -> 0.98601399 | G5: Roszman1: typo in the certified values (known); otherwise all ≥ 5.
A6: NIST: standard errors | B6: Certified values (NIST) | C6: =COUNT(NIST!J6:J291) -> 234 | D6: =MIN(NIST!J6:J291) -> 2.9842305 | E6: =COUNTIF(NIST!J6:J291,">=5") -> 222 | F6: =E6/C6 -> 0.94871795 | G6: Lanczos1: certified RSS near the rounding limit (known).
A7: Bates & Watts: parameters and RSS | B7: Exact minimum computed in R | C7: =COUNT(Bates_Watts!E6:E62) -> 57 | D7: =MIN(Bates_Watts!E6:E62) -> 6.2752013 | E7: =COUNTIF(Bates_Watts!E6:E62,">=5") -> 57 | F7: =E7/C7 -> 1 | G7: Independent computation, not certified values.
A8: Bates & Watts: standard errors | B8: Exact minimum computed in R | C8: =COUNT(Bates_Watts!H6:H62) -> 42 | D8: =MIN(Bates_Watts!H6:H62) -> 5.3933349 | E8: =COUNTIF(Bates_Watts!H6:H62,">=5") -> 42 | F8: =E8/C8 -> 1
A9: Esterase: weighted and unweighted | B9: R lm() | C9: =COUNT(Esterase!E6:E15) -> 10 | D9: =MIN(Esterase!E6:E15) -> 9.377352 | E9: =COUNTIF(Esterase!E6:E15,">=5") -> 10 | F9: =E9/C9 -> 1 | G9: Small differences from the published book values: see sheet Esterase.
A11: ComBase (agreement with a reference software)
A12: Parameters compared | C12: =COUNT(ComBase!J6:J159) -> 102
A13: Median |z| (difference in ComBase SE) | C13: =MEDIAN(ComBase!J6:J159) -> 0.21837911
A14: Share with |z| < 0.5 | C14: =COUNTIF(ComBase!J6:J159,"<0.5")/COUNT(ComBase!J6:J159) -> 0.73529412
A15: Share with |z| < 1 | C15: =COUNTIF(ComBase!J6:J159,"<1")/COUNT(ComBase!J6:J159) -> 0.89215686
A16: Maximum |z| | C16: =MAX(ComBase!J6:J159) -> 2.0911909
A18: Same model as ComBase (verified: the app's Integrated Baranyi Model on ln counts and the log10 custom formula agree to 7–8 digits). Lag and μmax of the app are a few % lower; the app's residual error is equal to or lower than ComBase's SE of Fit in 20 of 26 curves.
A19: Detailed checks on B419_12 (sheet ComBase_B419_12): the linear model, with a closed-form solution, agrees with ComBase in every digit (same data, standard errors and SE of Fit); with the Baranyi model the app's minimum has less than half the ComBase sum of squares and is better on every criterion. ComBase “R-square” is the adjusted R².

Sheet NIST
A1: NIST StRD — 26 nonlinear regression datasets
A2: Certified values: NIST Statistical Reference Datasets (files .dat). App: ENReT v1.0.0, model from “Models for Reference Data”, Levenberg-Marquardt, Max Iterations 1024.
A3: LRE = −log10(|App − Certified| / |Certified|), capped at 15 (identical values). Blue: input values; black: formulas. Known issues: Roszman1 (typo in the certified values), Lanczos1 (certified RSS near the rounding limit).
A5: Dataset | B5: Difficulty | C5: Start | D5: Quantity | E5: Certified | F5: App | G5: LRE | H5: SE certified | I5: SE app | J5: LRE SE
A6: Bennett5 | B6: Higher Level of Difficulty | C6: 1 | D6: b1 | E6: -2523.5058 | F6: -2523.5058 | G6: =IF(F6="","",IF(F6=E6,15,MIN(15,-LOG10(ABS(F6-E6)/ABS(E6))))) -> 12.018159 | H6: 297.15175 | I6: 297.15174 | J6: =IF(I6="","",IF(I6=H6,15,MIN(15,-LOG10(ABS(I6-H6)/ABS(H6))))) -> 7.3587544
A7: Bennett5 | B7: Higher Level of Difficulty | C7: 1 | D7: b2 | E7: 46.736565 | F7: 46.736565 | G7: =IF(F7="","",IF(F7=E7,15,MIN(15,-LOG10(ABS(F7-E7)/ABS(E7))))) -> 11.032972 | H7: 1.2448872 | I7: 1.2448871 | J7: =IF(I7="","",IF(I7=H7,15,MIN(15,-LOG10(ABS(I7-H7)/ABS(H7))))) -> 7.3584333
A8: Bennett5 | B8: Higher Level of Difficulty | C8: 1 | D8: b3 | E8: 0.93218483 | F8: 0.93218483 | G8: =IF(F8="","",IF(F8=E8,15,MIN(15,-LOG10(ABS(F8-E8)/ABS(E8))))) -> 11.479547 | H8: 0.020272299 | I8: 0.020272298 | J8: =IF(I8="","",IF(I8=H8,15,MIN(15,-LOG10(ABS(I8-H8)/ABS(H8))))) -> 7.3589054
A9: Bennett5 | B9: Higher Level of Difficulty | C9: 1 | D9: RSS | E9: 0.00052404744 | F9: 0.00052404744 | G9: =IF(F9="","",IF(F9=E9,15,MIN(15,-LOG10(ABS(F9-E9)/ABS(E9))))) -> 11.137755
A10: Bennett5 | B10: Higher Level of Difficulty | C10: 2 | D10: b1 | E10: -2523.5058 | F10: -2523.5058 | G10: =IF(F10="","",IF(F10=E10,15,MIN(15,-LOG10(ABS(F10-E10)/ABS(E10))))) -> 11.763504 | H10: 297.15175 | I10: 297.15177 | J10: =IF(I10="","",IF(I10=H10,15,MIN(15,-LOG10(ABS(I10-H10)/ABS(H10))))) -> 7.4081591
A11: Bennett5 | B11: Higher Level of Difficulty | C11: 2 | D11: b2 | E11: 46.736565 | F11: 46.736565 | G11: =IF(F11="","",IF(F11=E11,15,MIN(15,-LOG10(ABS(F11-E11)/ABS(E11))))) -> 11.041169 | H11: 1.2448872 | I11: 1.2448872 | J11: =IF(I11="","",IF(I11=H11,15,MIN(15,-LOG10(ABS(I11-H11)/ABS(H11))))) -> 7.4086051
A12: Bennett5 | B12: Higher Level of Difficulty | C12: 2 | D12: b3 | E12: 0.93218483 | F12: 0.93218483 | G12: =IF(F12="","",IF(F12=E12,15,MIN(15,-LOG10(ABS(F12-E12)/ABS(E12))))) -> 11.498362 | H12: 0.020272299 | I12: 0.0202723 | J12: =IF(I12="","",IF(I12=H12,15,MIN(15,-LOG10(ABS(I12-H12)/ABS(H12))))) -> 7.4080092
A13: Bennett5 | B13: Higher Level of Difficulty | C13: 2 | D13: RSS | E13: 0.00052404744 | F13: 0.00052404744 | G13: =IF(F13="","",IF(F13=E13,15,MIN(15,-LOG10(ABS(F13-E13)/ABS(E13))))) -> 11.155408
A14: BoxBOD | B14: Higher Level of Difficulty | C14: 1 | D14: b1 | E14: 213.80941 | F14: 213.80941 | G14: =IF(F14="","",IF(F14=E14,15,MIN(15,-LOG10(ABS(F14-E14)/ABS(E14))))) -> 7.9774459 | H14: 12.354515 | I14: 12.354517 | J14: =IF(I14="","",IF(I14=H14,15,MIN(15,-LOG10(ABS(I14-H14)/ABS(H14))))) -> 6.8624627
A15: BoxBOD | B15: Higher Level of Difficulty | C15: 1 | D15: b2 | E15: 0.54723749 | F15: 0.54723746 | G15: =IF(F15="","",IF(F15=E15,15,MIN(15,-LOG10(ABS(F15-E15)/ABS(E15))))) -> 7.3213494 | H15: 0.10455993 | I15: 0.10455991 | J15: =IF(I15="","",IF(I15=H15,15,MIN(15,-LOG10(ABS(I15-H15)/ABS(H15))))) -> 6.6005018
A16: BoxBOD | B16: Higher Level of Difficulty | C16: 1 | D16: RSS | E16: 1168.0089 | F16: 1168.0089 | G16: =IF(F16="","",IF(F16=E16,15,MIN(15,-LOG10(ABS(F16-E16)/ABS(E16))))) -> 10.41977
A17: BoxBOD | B17: Higher Level of Difficulty | C17: 2 | D17: b1 | E17: 213.80941 | F17: 213.80941 | G17: =IF(F17="","",IF(F17=E17,15,MIN(15,-LOG10(ABS(F17-E17)/ABS(E17))))) -> 7.7969254 | H17: 12.354515 | I17: 12.354518 | J17: =IF(I17="","",IF(I17=H17,15,MIN(15,-LOG10(ABS(I17-H17)/ABS(H17))))) -> 6.6819574
A18: BoxBOD | B18: Higher Level of Difficulty | C18: 2 | D18: b2 | E18: 0.54723749 | F18: 0.54723745 | G18: =IF(F18="","",IF(F18=E18,15,MIN(15,-LOG10(ABS(F18-E18)/ABS(E18))))) -> 7.1408072 | H18: 0.10455993 | I18: 0.10455989 | J18: =IF(I18="","",IF(I18=H18,15,MIN(15,-LOG10(ABS(I18-H18)/ABS(H18))))) -> 6.4199549
A19: BoxBOD | B19: Higher Level of Difficulty | C19: 2 | D19: RSS | E19: 1168.0089 | F19: 1168.0089 | G19: =IF(F19="","",IF(F19=E19,15,MIN(15,-LOG10(ABS(F19-E19)/ABS(E19))))) -> 10.419966
A20: Chwirut1 | B20: Lower Level of Difficulty | C20: 1 | D20: b1 | E20: 0.19027818 | F20: 0.19027818 | G20: =IF(F20="","",IF(F20=E20,15,MIN(15,-LOG10(ABS(F20-E20)/ABS(E20))))) -> 8.4644525 | H20: 0.021938557 | I20: 0.021938556 | J20: =IF(I20="","",IF(I20=H20,15,MIN(15,-LOG10(ABS(I20-H20)/ABS(H20))))) -> 7.4484554
A21: Chwirut1 | B21: Lower Level of Difficulty | C21: 1 | D21: b2 | E21: 0.0061314004 | F21: 0.0061314004 | G21: =IF(F21="","",IF(F21=E21,15,MIN(15,-LOG10(ABS(F21-E21)/ABS(E21))))) -> 9.1320122 | H21: 0.00034500025 | I21: 0.00034500025 | J21: =IF(I21="","",IF(I21=H21,15,MIN(15,-LOG10(ABS(I21-H21)/ABS(H21))))) -> 8.0142347
A22: Chwirut1 | B22: Lower Level of Difficulty | C22: 1 | D22: b3 | E22: 0.010530908 | F22: 0.010530908 | G22: =IF(F22="","",IF(F22=E22,15,MIN(15,-LOG10(ABS(F22-E22)/ABS(E22))))) -> 8.7910447 | H22: 0.00079281848 | I22: 0.00079281848 | J22: =IF(I22="","",IF(I22=H22,15,MIN(15,-LOG10(ABS(I22-H22)/ABS(H22))))) -> 8.9761697
A23: Chwirut1 | B23: Lower Level of Difficulty | C23: 1 | D23: RSS | E23: 2384.4771 | F23: 2384.4771 | G23: =IF(F23="","",IF(F23=E23,15,MIN(15,-LOG10(ABS(F23-E23)/ABS(E23))))) -> 11.406579
A24: Chwirut1 | B24: Lower Level of Difficulty | C24: 2 | D24: b1 | E24: 0.19027818 | F24: 0.19027818 | G24: =IF(F24="","",IF(F24=E24,15,MIN(15,-LOG10(ABS(F24-E24)/ABS(E24))))) -> 7.4671812 | H24: 0.021938557 | I24: 0.021938543 | J24: =IF(I24="","",IF(I24=H24,15,MIN(15,-LOG10(ABS(I24-H24)/ABS(H24))))) -> 6.1916659
A25: Chwirut1 | B25: Lower Level of Difficulty | C25: 2 | D25: b2 | E25: 0.0061314004 | F25: 0.0061314005 | G25: =IF(F25="","",IF(F25=E25,15,MIN(15,-LOG10(ABS(F25-E25)/ABS(E25))))) -> 9.0777853 | H25: 0.00034500025 | I25: 0.00034500032 | J25: =IF(I25="","",IF(I25=H25,15,MIN(15,-LOG10(ABS(I25-H25)/ABS(H25))))) -> 6.67382
A26: Chwirut1 | B26: Lower Level of Difficulty | C26: 2 | D26: b3 | E26: 0.010530908 | F26: 0.010530909 | G26: =IF(F26="","",IF(F26=E26,15,MIN(15,-LOG10(ABS(F26-E26)/ABS(E26))))) -> 7.9988097 | H26: 0.00079281848 | I26: 0.00079281849 | J26: =IF(I26="","",IF(I26=H26,15,MIN(15,-LOG10(ABS(I26-H26)/ABS(H26))))) -> 7.8235459
A27: Chwirut1 | B27: Lower Level of Difficulty | C27: 2 | D27: RSS | E27: 2384.4771 | F27: 2384.4771 | G27: =IF(F27="","",IF(F27=E27,15,MIN(15,-LOG10(ABS(F27-E27)/ABS(E27))))) -> 11.406579
A28: Chwirut2 | B28: Lower Level of Difficulty | C28: 1 | D28: b1 | E28: 0.16657667 | F28: 0.16657666 | G28: =IF(F28="","",IF(F28=E28,15,MIN(15,-LOG10(ABS(F28-E28)/ABS(E28))))) -> 7.5235425 | H28: 0.038303287 | I28: 0.038303277 | J28: =IF(I28="","",IF(I28=H28,15,MIN(15,-LOG10(ABS(I28-H28)/ABS(H28))))) -> 6.5966465
A29: Chwirut2 | B29: Lower Level of Difficulty | C29: 1 | D29: b2 | E29: 0.0051653291 | F29: 0.0051653291 | G29: =IF(F29="","",IF(F29=E29,15,MIN(15,-LOG10(ABS(F29-E29)/ABS(E29))))) -> 7.8735974 | H29: 0.00066621605 | I29: 0.00066621611 | J29: =IF(I29="","",IF(I29=H29,15,MIN(15,-LOG10(ABS(I29-H29)/ABS(H29))))) -> 7.0706267
A30: Chwirut2 | B30: Lower Level of Difficulty | C30: 1 | D30: b3 | E30: 0.012150007 | F30: 0.012150007 | G30: =IF(F30="","",IF(F30=E30,15,MIN(15,-LOG10(ABS(F30-E30)/ABS(E30))))) -> 7.82659 | H30: 0.0015304235 | I30: 0.0015304235 | J30: =IF(I30="","",IF(I30=H30,15,MIN(15,-LOG10(ABS(I30-H30)/ABS(H30))))) -> 7.7977266
A31: Chwirut2 | B31: Lower Level of Difficulty | C31: 1 | D31: RSS | E31: 513.04803 | F31: 513.04803 | G31: =IF(F31="","",IF(F31=E31,15,MIN(15,-LOG10(ABS(F31-E31)/ABS(E31))))) -> 11.214058
A32: Chwirut2 | B32: Lower Level of Difficulty | C32: 2 | D32: b1 | E32: 0.16657667 | F32: 0.16657666 | G32: =IF(F32="","",IF(F32=E32,15,MIN(15,-LOG10(ABS(F32-E32)/ABS(E32))))) -> 7.2392263 | H32: 0.038303287 | I32: 0.038303268 | J32: =IF(I32="","",IF(I32=H32,15,MIN(15,-LOG10(ABS(I32-H32)/ABS(H32))))) -> 6.3122406
A33: Chwirut2 | B33: Lower Level of Difficulty | C33: 2 | D33: b2 | E33: 0.0051653291 | F33: 0.005165329 | G33: =IF(F33="","",IF(F33=E33,15,MIN(15,-LOG10(ABS(F33-E33)/ABS(E33))))) -> 7.5892823 | H33: 0.00066621605 | I33: 0.00066621616 | J33: =IF(I33="","",IF(I33=H33,15,MIN(15,-LOG10(ABS(I33-H33)/ABS(H33))))) -> 6.7862894
A34: Chwirut2 | B34: Lower Level of Difficulty | C34: 2 | D34: b3 | E34: 0.012150007 | F34: 0.012150007 | G34: =IF(F34="","",IF(F34=E34,15,MIN(15,-LOG10(ABS(F34-E34)/ABS(E34))))) -> 7.5419961 | H34: 0.0015304235 | I34: 0.0015304235 | J34: =IF(I34="","",IF(I34=H34,15,MIN(15,-LOG10(ABS(I34-H34)/ABS(H34))))) -> 7.513418
A35: Chwirut2 | B35: Lower Level of Difficulty | C35: 2 | D35: RSS | E35: 513.04803 | F35: 513.04803 | G35: =IF(F35="","",IF(F35=E35,15,MIN(15,-LOG10(ABS(F35-E35)/ABS(E35))))) -> 11.214058
A36: DanWood | B36: Lower Level of Difficulty | C36: 1 | D36: b1 | E36: 0.76886226 | F36: 0.76886226 | G36: =IF(F36="","",IF(F36=E36,15,MIN(15,-LOG10(ABS(F36-E36)/ABS(E36))))) -> 10.043589 | H36: 0.018281974 | I36: 0.018281974 | J36: =IF(I36="","",IF(I36=H36,15,MIN(15,-LOG10(ABS(I36-H36)/ABS(H36))))) -> 8.0624388
A37: DanWood | B37: Lower Level of Difficulty | C37: 1 | D37: b2 | E37: 3.8604056 | F37: 3.8604056 | G37: =IF(F37="","",IF(F37=E37,15,MIN(15,-LOG10(ABS(F37-E37)/ABS(E37))))) -> 10.267923 | H37: 0.051726611 | I37: 0.051726611 | J37: =IF(I37="","",IF(I37=H37,15,MIN(15,-LOG10(ABS(I37-H37)/ABS(H37))))) -> 8.7849102
A38: DanWood | B38: Lower Level of Difficulty | C38: 1 | D38: RSS | E38: 0.0043173084 | F38: 0.0043173084 | G38: =IF(F38="","",IF(F38=E38,15,MIN(15,-LOG10(ABS(F38-E38)/ABS(E38))))) -> 11.684344
A39: DanWood | B39: Lower Level of Difficulty | C39: 2 | D39: b1 | E39: 0.76886226 | F39: 0.76886226 | G39: =IF(F39="","",IF(F39=E39,15,MIN(15,-LOG10(ABS(F39-E39)/ABS(E39))))) -> 10.652853 | H39: 0.018281974 | I39: 0.018281974 | J39: =IF(I39="","",IF(I39=H39,15,MIN(15,-LOG10(ABS(I39-H39)/ABS(H39))))) -> 10.687295
A40: DanWood | B40: Lower Level of Difficulty | C40: 2 | D40: b2 | E40: 3.8604056 | F40: 3.8604056 | G40: =IF(F40="","",IF(F40=E40,15,MIN(15,-LOG10(ABS(F40-E40)/ABS(E40))))) -> 10.819109 | H40: 0.051726611 | I40: 0.051726611 | J40: =IF(I40="","",IF(I40=H40,15,MIN(15,-LOG10(ABS(I40-H40)/ABS(H40))))) -> 11.302091
A41: DanWood | B41: Lower Level of Difficulty | C41: 2 | D41: RSS | E41: 0.0043173084 | F41: 0.0043173084 | G41: =IF(F41="","",IF(F41=E41,15,MIN(15,-LOG10(ABS(F41-E41)/ABS(E41))))) -> 11.684344
A42: Eckerle4 | B42: Higher Level of Difficulty | C42: 1 | D42: b1 | E42: 1.5543827 | F42: 1.5543827 | G42: =IF(F42="","",IF(F42=E42,15,MIN(15,-LOG10(ABS(F42-E42)/ABS(E42))))) -> 9.8737245 | H42: 0.015408051 | I42: 0.015408051 | J42: =IF(I42="","",IF(I42=H42,15,MIN(15,-LOG10(ABS(I42-H42)/ABS(H42))))) -> 8.7523079
A43: Eckerle4 | B43: Higher Level of Difficulty | C43: 1 | D43: b2 | E43: 4.0888322 | F43: 4.0888322 | G43: =IF(F43="","",IF(F43=E43,15,MIN(15,-LOG10(ABS(F43-E43)/ABS(E43))))) -> 9.6970442 | H43: 0.046803021 | I43: 0.046803021 | J43: =IF(I43="","",IF(I43=H43,15,MIN(15,-LOG10(ABS(I43-H43)/ABS(H43))))) -> 8.4441972
A44: Eckerle4 | B44: Higher Level of Difficulty | C44: 1 | D44: b3 | E44: 451.54122 | F44: 451.54122 | G44: =IF(F44="","",IF(F44=E44,15,MIN(15,-LOG10(ABS(F44-E44)/ABS(E44))))) -> 11.144554 | H44: 0.046800519 | I44: 0.046800519 | J44: =IF(I44="","",IF(I44=H44,15,MIN(15,-LOG10(ABS(I44-H44)/ABS(H44))))) -> 8.4449383
A45: Eckerle4 | B45: Higher Level of Difficulty | C45: 1 | D45: RSS | E45: 0.0014635887 | F45: 0.0014635887 | G45: =IF(F45="","",IF(F45=E45,15,MIN(15,-LOG10(ABS(F45-E45)/ABS(E45))))) -> 10.72656
A46: Eckerle4 | B46: Higher Level of Difficulty | C46: 2 | D46: b1 | E46: 1.5543827 | F46: 1.5543827 | G46: =IF(F46="","",IF(F46=E46,15,MIN(15,-LOG10(ABS(F46-E46)/ABS(E46))))) -> 10.044469 | H46: 0.015408051 | I46: 0.015408051 | J46: =IF(I46="","",IF(I46=H46,15,MIN(15,-LOG10(ABS(I46-H46)/ABS(H46))))) -> 8.6352523
A47: Eckerle4 | B47: Higher Level of Difficulty | C47: 2 | D47: b2 | E47: 4.0888322 | F47: 4.0888322 | G47: =IF(F47="","",IF(F47=E47,15,MIN(15,-LOG10(ABS(F47-E47)/ABS(E47))))) -> 9.6070717 | H47: 0.046803021 | I47: 0.046803021 | J47: =IF(I47="","",IF(I47=H47,15,MIN(15,-LOG10(ABS(I47-H47)/ABS(H47))))) -> 8.3395361
A48: Eckerle4 | B48: Higher Level of Difficulty | C48: 2 | D48: b3 | E48: 451.54122 | F48: 451.54122 | G48: =IF(F48="","",IF(F48=E48,15,MIN(15,-LOG10(ABS(F48-E48)/ABS(E48))))) -> 10.988364 | H48: 0.046800519 | I48: 0.046800519 | J48: =IF(I48="","",IF(I48=H48,15,MIN(15,-LOG10(ABS(I48-H48)/ABS(H48))))) -> 8.339691
A49: Eckerle4 | B49: Higher Level of Difficulty | C49: 2 | D49: RSS | E49: 0.0014635887 | F49: 0.0014635887 | G49: =IF(F49="","",IF(F49=E49,15,MIN(15,-LOG10(ABS(F49-E49)/ABS(E49))))) -> 10.72656
A50: ENSO | B50: Average Level of Difficulty | C50: 1 | D50: b1 | E50: 10.510749 | F50: 10.510749 | G50: =IF(F50="","",IF(F50=E50,15,MIN(15,-LOG10(ABS(F50-E50)/ABS(E50))))) -> 8.6715272 | H50: 0.17488832 | I50: 0.17488833 | J50: =IF(I50="","",IF(I50=H50,15,MIN(15,-LOG10(ABS(I50-H50)/ABS(H50))))) -> 8.1720692
A51: ENSO | B51: Average Level of Difficulty | C51: 1 | D51: b2 | E51: 3.0762128 | F51: 3.0762128 | G51: =IF(F51="","",IF(F51=E51,15,MIN(15,-LOG10(ABS(F51-E51)/ABS(E51))))) -> 8.0652388 | H51: 0.24310052 | I51: 0.24310052 | J51: =IF(I51="","",IF(I51=H51,15,MIN(15,-LOG10(ABS(I51-H51)/ABS(H51))))) -> 9.1647422
A52: ENSO | B52: Average Level of Difficulty | C52: 1 | D52: b3 | E52: 0.53280138 | F52: 0.53280136 | G52: =IF(F52="","",IF(F52=E52,15,MIN(15,-LOG10(ABS(F52-E52)/ABS(E52))))) -> 7.3815962 | H52: 0.24354687 | I52: 0.24354687 | J52: =IF(I52="","",IF(I52=H52,15,MIN(15,-LOG10(ABS(I52-H52)/ABS(H52))))) -> 8.7514709
A53: ENSO | B53: Average Level of Difficulty | C53: 1 | D53: b4 | E53: 44.311089 | F53: 44.31109 | G53: =IF(F53="","",IF(F53=E53,15,MIN(15,-LOG10(ABS(F53-E53)/ABS(E53))))) -> 7.4228633 | H53: 0.94408026 | I53: 0.94408003 | J53: =IF(I53="","",IF(I53=H53,15,MIN(15,-LOG10(ABS(I53-H53)/ABS(H53))))) -> 6.6134364
A54: ENSO | B54: Average Level of Difficulty | C54: 1 | D54: b5 | E54: -1.6231429 | F54: -1.6231426 | G54: =IF(F54="","",IF(F54=E54,15,MIN(15,-LOG10(ABS(F54-E54)/ABS(E54))))) -> 6.8893559 | H54: 0.2807837 | I54: 0.28078359 | J54: =IF(I54="","",IF(I54=H54,15,MIN(15,-LOG10(ABS(I54-H54)/ABS(H54))))) -> 6.4321834
A55: ENSO | B55: Average Level of Difficulty | C55: 1 | D55: b6 | E55: 0.52554494 | F55: 0.52554538 | G55: =IF(F55="","",IF(F55=E55,15,MIN(15,-LOG10(ABS(F55-E55)/ABS(E55))))) -> 6.0779784 | H55: 0.48073701 | I55: 0.48073705 | J55: =IF(I55="","",IF(I55=H55,15,MIN(15,-LOG10(ABS(I55-H55)/ABS(H55))))) -> 7.0775248
A56: ENSO | B56: Average Level of Difficulty | C56: 1 | D56: b7 | E56: 26.887614 | F56: 26.887616 | G56: =IF(F56="","",IF(F56=E56,15,MIN(15,-LOG10(ABS(F56-E56)/ABS(E56))))) -> 7.1618124 | H56: 0.41612939 | I56: 0.41612925 | J56: =IF(I56="","",IF(I56=H56,15,MIN(15,-LOG10(ABS(I56-H56)/ABS(H56))))) -> 6.4788881
A57: ENSO | B57: Average Level of Difficulty | C57: 1 | D57: b8 | E57: 0.21232288 | F57: 0.21232454 | G57: =IF(F57="","",IF(F57=E57,15,MIN(15,-LOG10(ABS(F57-E57)/ABS(E57))))) -> 5.1069854 | H57: 0.51460023 | I57: 0.51460026 | J57: =IF(I57="","",IF(I57=H57,15,MIN(15,-LOG10(ABS(I57-H57)/ABS(H57))))) -> 7.2788851
A58: ENSO | B58: Average Level of Difficulty | C58: 1 | D58: b9 | E58: 1.496687 | F58: 1.4966868 | G58: =IF(F58="","",IF(F58=E58,15,MIN(15,-LOG10(ABS(F58-E58)/ABS(E58))))) -> 6.7863114 | H58: 0.25434469 | I58: 0.25434448 | J58: =IF(I58="","",IF(I58=H58,15,MIN(15,-LOG10(ABS(I58-H58)/ABS(H58))))) -> 6.0778627
A59: ENSO | B59: Average Level of Difficulty | C59: 1 | D59: RSS | E59: 788.53979 | F59: 788.53979 | G59: =IF(F59="","",IF(F59=E59,15,MIN(15,-LOG10(ABS(F59-E59)/ABS(E59))))) -> 11.40589
A60: ENSO | B60: Average Level of Difficulty | C60: 2 | D60: b1 | E60: 10.510749 | F60: 10.510749 | G60: =IF(F60="","",IF(F60=E60,15,MIN(15,-LOG10(ABS(F60-E60)/ABS(E60))))) -> 8.717434 | H60: 0.17488832 | I60: 0.17488832 | J60: =IF(I60="","",IF(I60=H60,15,MIN(15,-LOG10(ABS(I60-H60)/ABS(H60))))) -> 8.2279099
A61: ENSO | B61: Average Level of Difficulty | C61: 2 | D61: b2 | E61: 3.0762128 | F61: 3.0762128 | G61: =IF(F61="","",IF(F61=E61,15,MIN(15,-LOG10(ABS(F61-E61)/ABS(E61))))) -> 8.119168 | H61: 0.24310052 | I61: 0.24310052 | J61: =IF(I61="","",IF(I61=H61,15,MIN(15,-LOG10(ABS(I61-H61)/ABS(H61))))) -> 9.2242801
A62: ENSO | B62: Average Level of Difficulty | C62: 2 | D62: b3 | E62: 0.53280138 | F62: 0.5328014 | G62: =IF(F62="","",IF(F62=E62,15,MIN(15,-LOG10(ABS(F62-E62)/ABS(E62))))) -> 7.4370325 | H62: 0.24354687 | I62: 0.24354687 | J62: =IF(I62="","",IF(I62=H62,15,MIN(15,-LOG10(ABS(I62-H62)/ABS(H62))))) -> 8.8054422
A63: ENSO | B63: Average Level of Difficulty | C63: 2 | D63: b4 | E63: 44.311089 | F63: 44.311087 | G63: =IF(F63="","",IF(F63=E63,15,MIN(15,-LOG10(ABS(F63-E63)/ABS(E63))))) -> 7.4782564 | H63: 0.94408026 | I63: 0.94408046 | J63: =IF(I63="","",IF(I63=H63,15,MIN(15,-LOG10(ABS(I63-H63)/ABS(H63))))) -> 6.6686977
A64: ENSO | B64: Average Level of Difficulty | C64: 2 | D64: b5 | E64: -1.6231429 | F64: -1.623143 | G64: =IF(F64="","",IF(F64=E64,15,MIN(15,-LOG10(ABS(F64-E64)/ABS(E64))))) -> 6.9445043 | H64: 0.2807837 | I64: 0.28078379 | J64: =IF(I64="","",IF(I64=H64,15,MIN(15,-LOG10(ABS(I64-H64)/ABS(H64))))) -> 6.4875046
A65: ENSO | B65: Average Level of Difficulty | C65: 2 | D65: b6 | E65: 0.52554494 | F65: 0.52554455 | G65: =IF(F65="","",IF(F65=E65,15,MIN(15,-LOG10(ABS(F65-E65)/ABS(E65))))) -> 6.1332408 | H65: 0.48073701 | I65: 0.48073698 | J65: =IF(I65="","",IF(I65=H65,15,MIN(15,-LOG10(ABS(I65-H65)/ABS(H65))))) -> 7.1327569
A66: ENSO | B66: Average Level of Difficulty | C66: 2 | D66: b7 | E66: 26.887614 | F66: 26.887613 | G66: =IF(F66="","",IF(F66=E66,15,MIN(15,-LOG10(ABS(F66-E66)/ABS(E66))))) -> 7.2170993 | H66: 0.41612939 | I66: 0.41612951 | J66: =IF(I66="","",IF(I66=H66,15,MIN(15,-LOG10(ABS(I66-H66)/ABS(H66))))) -> 6.5342125
A67: ENSO | B67: Average Level of Difficulty | C67: 2 | D67: b8 | E67: 0.21232288 | F67: 0.21232142 | G67: =IF(F67="","",IF(F67=E67,15,MIN(15,-LOG10(ABS(F67-E67)/ABS(E67))))) -> 5.1622612 | H67: 0.51460023 | I67: 0.51460021 | J67: =IF(I67="","",IF(I67=H67,15,MIN(15,-LOG10(ABS(I67-H67)/ABS(H67))))) -> 7.3341867
A68: ENSO | B68: Average Level of Difficulty | C68: 2 | D68: b9 | E68: 1.496687 | F68: 1.4966873 | G68: =IF(F68="","",IF(F68=E68,15,MIN(15,-LOG10(ABS(F68-E68)/ABS(E68))))) -> 6.8414558 | H68: 0.25434469 | I68: 0.25434488 | J68: =IF(I68="","",IF(I68=H68,15,MIN(15,-LOG10(ABS(I68-H68)/ABS(H68))))) -> 6.1331249
A69: ENSO | B69: Average Level of Difficulty | C69: 2 | D69: RSS | E69: 788.53979 | F69: 788.53979 | G69: =IF(F69="","",IF(F69=E69,15,MIN(15,-LOG10(ABS(F69-E69)/ABS(E69))))) -> 11.411813
A70: Gauss1 | B70: Lower Level of Difficulty | C70: 1 | D70: b1 | E70: 98.778211 | F70: 98.778211 | G70: =IF(F70="","",IF(F70=E70,15,MIN(15,-LOG10(ABS(F70-E70)/ABS(E70))))) -> 9.4086502 | H70: 0.57527313 | I70: 0.5752731 | J70: =IF(I70="","",IF(I70=H70,15,MIN(15,-LOG10(ABS(I70-H70)/ABS(H70))))) -> 7.4092557
A71: Gauss1 | B71: Lower Level of Difficulty | C71: 1 | D71: b2 | E71: 0.010497277 | F71: 0.010497277 | G71: =IF(F71="","",IF(F71=E71,15,MIN(15,-LOG10(ABS(F71-E71)/ABS(E71))))) -> 8.7133389 | H71: 0.00011406289 | I71: 0.00011406287 | J71: =IF(I71="","",IF(I71=H71,15,MIN(15,-LOG10(ABS(I71-H71)/ABS(H71))))) -> 6.7360012
A72: Gauss1 | B72: Lower Level of Difficulty | C72: 1 | D72: b3 | E72: 100.48991 | F72: 100.48991 | G72: =IF(F72="","",IF(F72=E72,15,MIN(15,-LOG10(ABS(F72-E72)/ABS(E72))))) -> 9.5182357 | H72: 0.58831776 | I72: 0.58831775 | J72: =IF(I72="","",IF(I72=H72,15,MIN(15,-LOG10(ABS(I72-H72)/ABS(H72))))) -> 8.0002553
A73: Gauss1 | B73: Lower Level of Difficulty | C73: 1 | D73: b4 | E73: 67.481111 | F73: 67.481111 | G73: =IF(F73="","",IF(F73=E73,15,MIN(15,-LOG10(ABS(F73-E73)/ABS(E73))))) -> 10.797529 | H73: 0.10460593 | I73: 0.10460593 | J73: =IF(I73="","",IF(I73=H73,15,MIN(15,-LOG10(ABS(I73-H73)/ABS(H73))))) -> 8.3976233
A74: Gauss1 | B74: Lower Level of Difficulty | C74: 1 | D74: b5 | E74: 23.129773 | F74: 23.129773 | G74: =IF(F74="","",IF(F74=E74,15,MIN(15,-LOG10(ABS(F74-E74)/ABS(E74))))) -> 9.1949233 | H74: 0.17439951 | I74: 0.17439951 | J74: =IF(I74="","",IF(I74=H74,15,MIN(15,-LOG10(ABS(I74-H74)/ABS(H74))))) -> 7.5047127
A75: Gauss1 | B75: Lower Level of Difficulty | C75: 1 | D75: b6 | E75: 71.994503 | F75: 71.994503 | G75: =IF(F75="","",IF(F75=E75,15,MIN(15,-LOG10(ABS(F75-E75)/ABS(E75))))) -> 9.381647 | H75: 0.62622794 | I75: 0.62622795 | J75: =IF(I75="","",IF(I75=H75,15,MIN(15,-LOG10(ABS(I75-H75)/ABS(H75))))) -> 7.69321
A76: Gauss1 | B76: Lower Level of Difficulty | C76: 1 | D76: b7 | E76: 178.99805 | F76: 178.99805 | G76: =IF(F76="","",IF(F76=E76,15,MIN(15,-LOG10(ABS(F76-E76)/ABS(E76))))) -> 10.39407 | H76: 0.12436988 | I76: 0.12436988 | J76: =IF(I76="","",IF(I76=H76,15,MIN(15,-LOG10(ABS(I76-H76)/ABS(H76))))) -> 7.9698385
A77: Gauss1 | B77: Lower Level of Difficulty | C77: 1 | D77: b8 | E77: 18.389389 | F77: 18.389389 | G77: =IF(F77="","",IF(F77=E77,15,MIN(15,-LOG10(ABS(F77-E77)/ABS(E77))))) -> 8.9621909 | H77: 0.20134313 | I77: 0.20134313 | J77: =IF(I77="","",IF(I77=H77,15,MIN(15,-LOG10(ABS(I77-H77)/ABS(H77))))) -> 8.5120561
A78: Gauss1 | B78: Lower Level of Difficulty | C78: 1 | D78: RSS | E78: 1315.8222 | F78: 1315.8222 | G78: =IF(F78="","",IF(F78=E78,15,MIN(15,-LOG10(ABS(F78-E78)/ABS(E78))))) -> 11.590292
A79: Gauss1 | B79: Lower Level of Difficulty | C79: 2 | D79: b1 | E79: 98.778211 | F79: 98.778211 | G79: =IF(F79="","",IF(F79=E79,15,MIN(15,-LOG10(ABS(F79-E79)/ABS(E79))))) -> 9.4026033 | H79: 0.57527313 | I79: 0.57527313 | J79: =IF(I79="","",IF(I79=H79,15,MIN(15,-LOG10(ABS(I79-H79)/ABS(H79))))) -> 9.0978883
A80: Gauss1 | B80: Lower Level of Difficulty | C80: 2 | D80: b2 | E80: 0.010497277 | F80: 0.010497277 | G80: =IF(F80="","",IF(F80=E80,15,MIN(15,-LOG10(ABS(F80-E80)/ABS(E80))))) -> 8.6427441 | H80: 0.00011406289 | I80: 0.00011406289 | J80: =IF(I80="","",IF(I80=H80,15,MIN(15,-LOG10(ABS(I80-H80)/ABS(H80))))) -> 8.425861
A81: Gauss1 | B81: Lower Level of Difficulty | C81: 2 | D81: b3 | E81: 100.48991 | F81: 100.48991 | G81: =IF(F81="","",IF(F81=E81,15,MIN(15,-LOG10(ABS(F81-E81)/ABS(E81))))) -> 9.4404963 | H81: 0.58831776 | I81: 0.58831776 | J81: =IF(I81="","",IF(I81=H81,15,MIN(15,-LOG10(ABS(I81-H81)/ABS(H81))))) -> 9.7487828
A82: Gauss1 | B82: Lower Level of Difficulty | C82: 2 | D82: b4 | E82: 67.481111 | F82: 67.481111 | G82: =IF(F82="","",IF(F82=E82,15,MIN(15,-LOG10(ABS(F82-E82)/ABS(E82))))) -> 10.22832 | H82: 0.10460593 | I82: 0.10460593 | J82: =IF(I82="","",IF(I82=H82,15,MIN(15,-LOG10(ABS(I82-H82)/ABS(H82))))) -> 9.6879468
A83: Gauss1 | B83: Lower Level of Difficulty | C83: 2 | D83: b5 | E83: 23.129773 | F83: 23.129773 | G83: =IF(F83="","",IF(F83=E83,15,MIN(15,-LOG10(ABS(F83-E83)/ABS(E83))))) -> 9.0788077 | H83: 0.17439951 | I83: 0.17439951 | J83: =IF(I83="","",IF(I83=H83,15,MIN(15,-LOG10(ABS(I83-H83)/ABS(H83))))) -> 9.1023811
A84: Gauss1 | B84: Lower Level of Difficulty | C84: 2 | D84: b6 | E84: 71.994503 | F84: 71.994503 | G84: =IF(F84="","",IF(F84=E84,15,MIN(15,-LOG10(ABS(F84-E84)/ABS(E84))))) -> 9.2696939 | H84: 0.62622794 | I84: 0.62622794 | J84: =IF(I84="","",IF(I84=H84,15,MIN(15,-LOG10(ABS(I84-H84)/ABS(H84))))) -> 9.297257
A85: Gauss1 | B85: Lower Level of Difficulty | C85: 2 | D85: b7 | E85: 178.99805 | F85: 178.99805 | G85: =IF(F85="","",IF(F85=E85,15,MIN(15,-LOG10(ABS(F85-E85)/ABS(E85))))) -> 10.228321 | H85: 0.12436988 | I85: 0.12436988 | J85: =IF(I85="","",IF(I85=H85,15,MIN(15,-LOG10(ABS(I85-H85)/ABS(H85))))) -> 10.03157
A86: Gauss1 | B86: Lower Level of Difficulty | C86: 2 | D86: b8 | E86: 18.389389 | F86: 18.389389 | G86: =IF(F86="","",IF(F86=E86,15,MIN(15,-LOG10(ABS(F86-E86)/ABS(E86))))) -> 8.9123635 | H86: 0.20134313 | I86: 0.20134313 | J86: =IF(I86="","",IF(I86=H86,15,MIN(15,-LOG10(ABS(I86-H86)/ABS(H86))))) -> 9.486947
A87: Gauss1 | B87: Lower Level of Difficulty | C87: 2 | D87: RSS | E87: 1315.8222 | F87: 1315.8222 | G87: =IF(F87="","",IF(F87=E87,15,MIN(15,-LOG10(ABS(F87-E87)/ABS(E87))))) -> 11.590292
A88: Gauss2 | B88: Lower Level of Difficulty | C88: 1 | D88: b1 | E88: 99.018328 | F88: 99.018328 | G88: =IF(F88="","",IF(F88=E88,15,MIN(15,-LOG10(ABS(F88-E88)/ABS(E88))))) -> 11.139348 | H88: 0.53748767 | I88: 0.53748767 | J88: =IF(I88="","",IF(I88=H88,15,MIN(15,-LOG10(ABS(I88-H88)/ABS(H88))))) -> 8.7369653
A89: Gauss2 | B89: Lower Level of Difficulty | C89: 1 | D89: b2 | E89: 0.010994945 | F89: 0.010994945 | G89: =IF(F89="","",IF(F89=E89,15,MIN(15,-LOG10(ABS(F89-E89)/ABS(E89))))) -> 11.155265 | H89: 0.00013335307 | I89: 0.00013335307 | J89: =IF(I89="","",IF(I89=H89,15,MIN(15,-LOG10(ABS(I89-H89)/ABS(H89))))) -> 8.3317939
A90: Gauss2 | B90: Lower Level of Difficulty | C90: 1 | D90: b3 | E90: 101.88023 | F90: 101.88023 | G90: =IF(F90="","",IF(F90=E90,15,MIN(15,-LOG10(ABS(F90-E90)/ABS(E90))))) -> 10.392876 | H90: 0.59217316 | I90: 0.59217316 | J90: =IF(I90="","",IF(I90=H90,15,MIN(15,-LOG10(ABS(I90-H90)/ABS(H90))))) -> 10.063756
A91: Gauss2 | B91: Lower Level of Difficulty | C91: 1 | D91: b4 | E91: 107.03096 | F91: 107.03096 | G91: =IF(F91="","",IF(F91=E91,15,MIN(15,-LOG10(ABS(F91-E91)/ABS(E91))))) -> 10.376008 | H91: 0.15006798 | I91: 0.15006798 | J91: =IF(I91="","",IF(I91=H91,15,MIN(15,-LOG10(ABS(I91-H91)/ABS(H91))))) -> 8.3344426
A92: Gauss2 | B92: Lower Level of Difficulty | C92: 1 | D92: b5 | E92: 23.578584 | F92: 23.578584 | G92: =IF(F92="","",IF(F92=E92,15,MIN(15,-LOG10(ABS(F92-E92)/ABS(E92))))) -> 10.41491 | H92: 0.22695595 | I92: 0.22695595 | J92: =IF(I92="","",IF(I92=H92,15,MIN(15,-LOG10(ABS(I92-H92)/ABS(H92))))) -> 8.5628402
A93: Gauss2 | B93: Lower Level of Difficulty | C93: 1 | D93: b6 | E93: 72.045589 | F93: 72.045589 | G93: =IF(F93="","",IF(F93=E93,15,MIN(15,-LOG10(ABS(F93-E93)/ABS(E93))))) -> 10.766152 | H93: 0.61721966 | I93: 0.61721966 | J93: =IF(I93="","",IF(I93=H93,15,MIN(15,-LOG10(ABS(I93-H93)/ABS(H93))))) -> 8.914077
A94: Gauss2 | B94: Lower Level of Difficulty | C94: 1 | D94: b7 | E94: 153.2701 | F94: 153.2701 | G94: =IF(F94="","",IF(F94=E94,15,MIN(15,-LOG10(ABS(F94-E94)/ABS(E94))))) -> 11.134299 | H94: 0.19466674 | I94: 0.19466674 | J94: =IF(I94="","",IF(I94=H94,15,MIN(15,-LOG10(ABS(I94-H94)/ABS(H94))))) -> 8.1454694
A95: Gauss2 | B95: Lower Level of Difficulty | C95: 1 | D95: b8 | E95: 19.525973 | F95: 19.525973 | G95: =IF(F95="","",IF(F95=E95,15,MIN(15,-LOG10(ABS(F95-E95)/ABS(E95))))) -> 10.003236 | H95: 0.26416549 | I95: 0.26416549 | J95: =IF(I95="","",IF(I95=H95,15,MIN(15,-LOG10(ABS(I95-H95)/ABS(H95))))) -> 8.224367
A96: Gauss2 | B96: Lower Level of Difficulty | C96: 1 | D96: RSS | E96: 1247.5282 | F96: 1247.5282 | G96: =IF(F96="","",IF(F96=E96,15,MIN(15,-LOG10(ABS(F96-E96)/ABS(E96))))) -> 10.60469
A97: Gauss2 | B97: Lower Level of Difficulty | C97: 2 | D97: b1 | E97: 99.018328 | F97: 99.018328 | G97: =IF(F97="","",IF(F97=E97,15,MIN(15,-LOG10(ABS(F97-E97)/ABS(E97))))) -> 12.186805 | H97: 0.53748767 | I97: 0.53748767 | J97: =IF(I97="","",IF(I97=H97,15,MIN(15,-LOG10(ABS(I97-H97)/ABS(H97))))) -> 8.8747652
A98: Gauss2 | B98: Lower Level of Difficulty | C98: 2 | D98: b2 | E98: 0.010994945 | F98: 0.010994945 | G98: =IF(F98="","",IF(F98=E98,15,MIN(15,-LOG10(ABS(F98-E98)/ABS(E98))))) -> 11.109742 | H98: 0.00013335307 | I98: 0.00013335307 | J98: =IF(I98="","",IF(I98=H98,15,MIN(15,-LOG10(ABS(I98-H98)/ABS(H98))))) -> 8.3209891
A99: Gauss2 | B99: Lower Level of Difficulty | C99: 2 | D99: b3 | E99: 101.88023 | F99: 101.88023 | G99: =IF(F99="","",IF(F99=E99,15,MIN(15,-LOG10(ABS(F99-E99)/ABS(E99))))) -> 10.194042 | H99: 0.59217316 | I99: 0.59217316 | J99: =IF(I99="","",IF(I99=H99,15,MIN(15,-LOG10(ABS(I99-H99)/ABS(H99))))) -> 8.8322954
A100: Gauss2 | B100: Lower Level of Difficulty | C100: 2 | D100: b4 | E100: 107.03096 | F100: 107.03096 | G100: =IF(F100="","",IF(F100=E100,15,MIN(15,-LOG10(ABS(F100-E100)/ABS(E100))))) -> 10.600726 | H100: 0.15006798 | I100: 0.15006798 | J100: =IF(I100="","",IF(I100=H100,15,MIN(15,-LOG10(ABS(I100-H100)/ABS(H100))))) -> 8.6270113
A101: Gauss2 | B101: Lower Level of Difficulty | C101: 2 | D101: b5 | E101: 23.578584 | F101: 23.578584 | G101: =IF(F101="","",IF(F101=E101,15,MIN(15,-LOG10(ABS(F101-E101)/ABS(E101))))) -> 9.9078048 | H101: 0.22695595 | I101: 0.22695595 | J101: =IF(I101="","",IF(I101=H101,15,MIN(15,-LOG10(ABS(I101-H101)/ABS(H101))))) -> 8.1890984
...

Sheet Bates_Watts
A1: Bates & Watts (1988) — 15 reference models
A2: Reference: exact least-squares minimum computed in R with minpack.lm (nls.lm, tolerances 1e-16, restarted from the solution); standard errors s²(JᵀJ)⁻¹ at the minimum. Not certified values. The reference uses the same MINPACK Levenberg-Marquardt library as the app (tighter tolerances), hence some identical values (LRE = 15); independent check: R nls() (Gauss-Newton) agrees on the RSS to at least 10.4 digits.
A3: App: ENReT v1.0.0, model from “Models for Reference Data” with its starting values, Levenberg-Marquardt, Max Iterations 1024. LRE as in the NIST sheet.
A5: Model | B5: Quantity | C5: Reference | D5: App | E5: LRE | F5: SE reference | G5: SE app | H5: LRE SE
A6: Puromycin, treated cells | B6: theta1 | C6: 212.68374 | D6: 212.68374 | E6: =IF(D6="","",IF(D6=C6,15,MIN(15,-LOG10(ABS(D6-C6)/ABS(C6))))) -> 9.4002202 | F6: 6.9471552 | G6: 6.947155 | H6: =IF(G6="","",IF(G6=F6,15,MIN(15,-LOG10(ABS(G6-F6)/ABS(F6))))) -> 7.6831912
A7: Puromycin, treated cells | B7: theta2 | C7: 0.064121281 | D7: 0.064121281 | E7: =IF(D7="","",IF(D7=C7,15,MIN(15,-LOG10(ABS(D7-C7)/ABS(C7))))) -> 8.5119656 | F7: 0.0082809495 | G7: 0.008280949 | H7: =IF(G7="","",IF(G7=F7,15,MIN(15,-LOG10(ABS(G7-F7)/ABS(F7))))) -> 7.2742876
A8: Puromycin, treated cells | B8: RSS | C8: 1195.4488 | D8: 1195.4488 | E8: =IF(D8="","",IF(D8=C8,15,MIN(15,-LOG10(ABS(D8-C8)/ABS(C8))))) -> 15
A9: Puromycin, untreated cells | B9: theta1 | C9: 160.28005 | D9: 160.28005 | E9: =IF(D9="","",IF(D9=C9,15,MIN(15,-LOG10(ABS(D9-C9)/ABS(C9))))) -> 7.9050935 | F9: 6.4802455 | G9: 6.4802465 | H9: =IF(G9="","",IF(G9=F9,15,MIN(15,-LOG10(ABS(G9-F9)/ABS(F9))))) -> 6.8024113
A10: Puromycin, untreated cells | B10: theta2 | C10: 0.047708185 | D10: 0.047708188 | E10: =IF(D10="","",IF(D10=C10,15,MIN(15,-LOG10(ABS(D10-C10)/ABS(C10))))) -> 7.1872244 | F10: 0.0077818753 | G10: 0.0077818783 | H10: =IF(G10="","",IF(G10=F10,15,MIN(15,-LOG10(ABS(G10-F10)/ABS(F10))))) -> 6.4170904
A11: Puromycin, untreated cells | B11: RSS | C11: 859.60429 | D11: 859.60429 | E11: =IF(D11="","",IF(D11=C11,15,MIN(15,-LOG10(ABS(D11-C11)/ABS(C11))))) -> 13.73246
A12: BOD | B12: theta1 | C12: 19.142575 | D12: 19.142575 | E12: =IF(D12="","",IF(D12=C12,15,MIN(15,-LOG10(ABS(D12-C12)/ABS(C12))))) -> 15 | F12: 2.4959173 | G12: 2.4959173 | H12: =IF(G12="","",IF(G12=F12,15,MIN(15,-LOG10(ABS(G12-F12)/ABS(F12))))) -> 7.7683205
A13: BOD | B13: theta2 | C13: 0.53109138 | D13: 0.53109138 | E13: =IF(D13="","",IF(D13=C13,15,MIN(15,-LOG10(ABS(D13-C13)/ABS(C13))))) -> 15 | F13: 0.2030821 | G13: 0.2030821 | H13: =IF(G13="","",IF(G13=F13,15,MIN(15,-LOG10(ABS(G13-F13)/ABS(F13))))) -> 7.8309956
A14: BOD | B14: RSS | C14: 25.990267 | D14: 25.990267 | E14: =IF(D14="","",IF(D14=C14,15,MIN(15,-LOG10(ABS(D14-C14)/ABS(C14))))) -> 15
A15: BOD2 | B15: theta1 | C15: 2.4979214 | D15: 2.4979214 | E15: =IF(D15="","",IF(D15=C15,15,MIN(15,-LOG10(ABS(D15-C15)/ABS(C15))))) -> 9.0114973 | F15: 0.10756864 | G15: 0.10756865 | H15: =IF(G15="","",IF(G15=F15,15,MIN(15,-LOG10(ABS(G15-F15)/ABS(F15))))) -> 7.6917698
A16: BOD2 | B16: theta2 | C16: 0.20245615 | D16: 0.20245615 | E16: =IF(D16="","",IF(D16=C16,15,MIN(15,-LOG10(ABS(D16-C16)/ABS(C16))))) -> 8.6334613 | F16: 0.017984228 | G16: 0.017984228 | H16: =IF(G16="","",IF(G16=F16,15,MIN(15,-LOG10(ABS(G16-F16)/ABS(F16))))) -> 8.1315894
A17: BOD2 | B17: RSS | C17: 0.026243673 | D17: 0.026243673 | E17: =IF(D17="","",IF(D17=C17,15,MIN(15,-LOG10(ABS(D17-C17)/ABS(C17))))) -> 15
A18: Chloride ion transport | B18: theta1 | C18: 39.094898 | D18: 39.094898 | E18: =IF(D18="","",IF(D18=C18,15,MIN(15,-LOG10(ABS(D18-C18)/ABS(C18))))) -> 15 | F18: 0.97443076 | G18: 0.97443076 | H18: =IF(G18="","",IF(G18=F18,15,MIN(15,-LOG10(ABS(G18-F18)/ABS(F18))))) -> 15
A19: Chloride ion transport | B19: theta2 | C19: 0.82843658 | D19: 0.82843658 | E19: =IF(D19="","",IF(D19=C19,15,MIN(15,-LOG10(ABS(D19-C19)/ABS(C19))))) -> 15 | F19: 0.0083011578 | G19: 0.0083011578 | H19: =IF(G19="","",IF(G19=F19,15,MIN(15,-LOG10(ABS(G19-F19)/ABS(F19))))) -> 15
A20: Chloride ion transport | B20: theta3 | C20: 0.15852239 | D20: 0.15852239 | E20: =IF(D20="","",IF(D20=C20,15,MIN(15,-LOG10(ABS(D20-C20)/ABS(C20))))) -> 15 | F20: 0.010443969 | G20: 0.010443969 | H20: =IF(G20="","",IF(G20=F20,15,MIN(15,-LOG10(ABS(G20-F20)/ABS(F20))))) -> 14.016207
A21: Chloride ion transport | B21: RSS | C21: 1.8793238 | D21: 1.8793238 | E21: =IF(D21="","",IF(D21=C21,15,MIN(15,-LOG10(ABS(D21-C21)/ABS(C21))))) -> 15
A22: Growth of leaves | B22: theta1 | C22: 21.204038 | D22: 21.204038 | E22: =IF(D22="","",IF(D22=C22,15,MIN(15,-LOG10(ABS(D22-C22)/ABS(C22))))) -> 8.4591031 | F22: 0.44359993 | G22: 0.44359984 | H22: =IF(G22="","",IF(G22=F22,15,MIN(15,-LOG10(ABS(G22-F22)/ABS(F22))))) -> 6.7055141
A23: Growth of leaves | B23: theta2 | C23: 296.44956 | D23: 296.4494 | E23: =IF(D23="","",IF(D23=C23,15,MIN(15,-LOG10(ABS(D23-C23)/ABS(C23))))) -> 6.2752013 | F23: 542.66379 | G23: 542.66557 | H23: =IF(G23="","",IF(G23=F23,15,MIN(15,-LOG10(ABS(G23-F23)/ABS(F23))))) -> 5.4841046
A24: Growth of leaves | B24: theta3 | C24: 0.77721843 | D24: 0.77721838 | E24: =IF(D24="","",IF(D24=C24,15,MIN(15,-LOG10(ABS(D24-C24)/ABS(C24))))) -> 7.1808121 | F24: 0.17837567 | G24: 0.17837576 | H24: =IF(G24="","",IF(G24=F24,15,MIN(15,-LOG10(ABS(G24-F24)/ABS(F24))))) -> 6.2958885
A25: Growth of leaves | B25: theta4 | C25: 1.6189088 | D25: 1.6189086 | E25: =IF(D25="","",IF(D25=C25,15,MIN(15,-LOG10(ABS(D25-C25)/ABS(C25))))) -> 6.9386814 | F25: 0.66545185 | G25: 0.66545216 | H25: =IF(G25="","",IF(G25=F25,15,MIN(15,-LOG10(ABS(G25-F25)/ABS(F25))))) -> 6.3360979
A26: Growth of leaves | B26: RSS | C26: 5.5228835 | D26: 5.5228835 | E26: =IF(D26="","",IF(D26=C26,15,MIN(15,-LOG10(ABS(D26-C26)/ABS(C26))))) -> 13.740587
A27: Count Rumford's cooling experiment | B27: theta | C27: 0.0094154963 | D27: 0.0094154963 | E27: =IF(D27="","",IF(D27=C27,15,MIN(15,-LOG10(ABS(D27-C27)/ABS(C27))))) -> 15 | F27: 0.00042008566 | G27: 0.00042008566 | H27: =IF(G27="","",IF(G27=F27,15,MIN(15,-LOG10(ABS(G27-F27)/ABS(F27))))) -> 7.7858526
A28: Count Rumford's cooling experiment | B28: RSS | C28: 44.155795 | D28: 44.155795 | E28: =IF(D28="","",IF(D28=C28,15,MIN(15,-LOG10(ABS(D28-C28)/ABS(C28))))) -> 15
A29: Pharmacokinetics of sulfisoxazole | B29: theta1 | C29: 81.244039 | D29: 81.244039 | E29: =IF(D29="","",IF(D29=C29,15,MIN(15,-LOG10(ABS(D29-C29)/ABS(C29))))) -> 8.6147025 | F29: 6.1073143 | G29: 6.1073148 | H29: =IF(G29="","",IF(G29=F29,15,MIN(15,-LOG10(ABS(G29-F29)/ABS(F29))))) -> 7.1039993
A30: Pharmacokinetics of sulfisoxazole | B30: theta2 | C30: 1.3059889 | D30: 1.3059889 | E30: =IF(D30="","",IF(D30=C30,15,MIN(15,-LOG10(ABS(D30-C30)/ABS(C30))))) -> 7.7778964 | F30: 0.19754134 | G30: 0.19754131 | H30: =IF(G30="","",IF(G30=F30,15,MIN(15,-LOG10(ABS(G30-F30)/ABS(F30))))) -> 6.8195672
A31: Pharmacokinetics of sulfisoxazole | B31: theta3 | C31: 162.59441 | D31: 162.59441 | E31: =IF(D31="","",IF(D31=C31,15,MIN(15,-LOG10(ABS(D31-C31)/ABS(C31))))) -> 8.4366638 | F31: 6.9429875 | G31: 6.9429882 | H31: =IF(G31="","",IF(G31=F31,15,MIN(15,-LOG10(ABS(G31-F31)/ABS(F31))))) -> 7.0004986
A32: Pharmacokinetics of sulfisoxazole | B32: theta4 | C32: 0.16178564 | D32: 0.16178564 | E32: =IF(D32="","",IF(D32=C32,15,MIN(15,-LOG10(ABS(D32-C32)/ABS(C32))))) -> 8.460228 | F32: 0.0087797637 | G32: 0.0087797641 | H32: =IF(G32="","",IF(G32=F32,15,MIN(15,-LOG10(ABS(G32-F32)/ABS(F32))))) -> 7.2909127
A33: Pharmacokinetics of sulfisoxazole | B33: RSS | C33: 34.376471 | D33: 34.376471 | E33: =IF(D33="","",IF(D33=C33,15,MIN(15,-LOG10(ABS(D33-C33)/ABS(C33))))) -> 14.222273
A34: Pharmacokinetics of tetracycline | B34: theta1 | C34: 0.14880089 | D34: 0.14880089 | E34: =IF(D34="","",IF(D34=C34,15,MIN(15,-LOG10(ABS(D34-C34)/ABS(C34))))) -> 8.0862179 | F34: 0.01440942 | G34: 0.014409418 | H34: =IF(G34="","",IF(G34=F34,15,MIN(15,-LOG10(ABS(G34-F34)/ABS(F34))))) -> 6.9160562
A35: Pharmacokinetics of tetracycline | B35: theta2 | C35: 0.71575107 | D35: 0.71575106 | E35: =IF(D35="","",IF(D35=C35,15,MIN(15,-LOG10(ABS(D35-C35)/ABS(C35))))) -> 7.724802 | F35: 0.12605354 | G35: 0.12605355 | H35: =IF(G35="","",IF(G35=F35,15,MIN(15,-LOG10(ABS(G35-F35)/ABS(F35))))) -> 7.1733354
A36: Pharmacokinetics of tetracycline | B36: theta3 | C36: 2.6496465 | D36: 2.6496465 | E36: =IF(D36="","",IF(D36=C36,15,MIN(15,-LOG10(ABS(D36-C36)/ABS(C36))))) -> 7.8644712 | F36: 0.36446539 | G36: 0.36446531 | H36: =IF(G36="","",IF(G36=F36,15,MIN(15,-LOG10(ABS(G36-F36)/ABS(F36))))) -> 6.6204117
A37: Pharmacokinetics of tetracycline | B37: theta4 | C37: 0.41223634 | D37: 0.41223633 | E37: =IF(D37="","",IF(D37=C37,15,MIN(15,-LOG10(ABS(D37-C37)/ABS(C37))))) -> 7.7237566 | F37: 0.094946042 | G37: 0.094946037 | H37: =IF(G37="","",IF(G37=F37,15,MIN(15,-LOG10(ABS(G37-F37)/ABS(F37))))) -> 7.2128496
A38: Pharmacokinetics of tetracycline | B38: RSS | C38: 0.010045314 | D38: 0.010045314 | E38: =IF(D38="","",IF(D38=C38,15,MIN(15,-LOG10(ABS(D38-C38)/ABS(C38))))) -> 14.006858
A39: Pharmacokinetics of saccharin | B39: theta1 | C39: 0.038707885 | D39: 0.038707885 | E39: =IF(D39="","",IF(D39=C39,15,MIN(15,-LOG10(ABS(D39-C39)/ABS(C39))))) -> 8.313352 | F39: 0.001770515 | G39: 0.001770515 | H39: =IF(G39="","",IF(G39=F39,15,MIN(15,-LOG10(ABS(G39-F39)/ABS(F39))))) -> 8.0301663
A40: Pharmacokinetics of saccharin | B40: theta2 | C40: 0.30506474 | D40: 0.30506473 | E40: =IF(D40="","",IF(D40=C40,15,MIN(15,-LOG10(ABS(D40-C40)/ABS(C40))))) -> 8.011985 | F40: 0.035499689 | G40: 0.035499682 | H40: =IF(G40="","",IF(G40=F40,15,MIN(15,-LOG10(ABS(G40-F40)/ABS(F40))))) -> 6.7159997
A41: Pharmacokinetics of saccharin | B41: theta3 | C41: 762.93817 | D41: 762.93817 | E41: =IF(D41="","",IF(D41=C41,15,MIN(15,-LOG10(ABS(D41-C41)/ABS(C41))))) -> 8.2113448 | F41: 45.113232 | G41: 45.113231 | H41: =IF(G41="","",IF(G41=F41,15,MIN(15,-LOG10(ABS(G41-F41)/ABS(F41))))) -> 7.7071527
A42: Pharmacokinetics of saccharin | B42: theta4 | C42: 1578.2646 | D42: 1578.2646 | E42: =IF(D42="","",IF(D42=C42,15,MIN(15,-LOG10(ABS(D42-C42)/ABS(C42))))) -> 9.2011912 | F42: 82.958548 | G42: 82.958538 | H42: =IF(G42="","",IF(G42=F42,15,MIN(15,-LOG10(ABS(G42-F42)/ABS(F42))))) -> 6.893258
A43: Pharmacokinetics of saccharin | B43: RSS | C43: 66189.127 | D43: 66189.127 | E43: =IF(D43="","",IF(D43=C43,15,MIN(15,-LOG10(ABS(D43-C43)/ABS(C43))))) -> 14.045083
A44: PCB in Lake Cayuga trout | B44: beta1 | C44: -14.271279 | D44: -14.271279 | E44: =IF(D44="","",IF(D44=C44,15,MIN(15,-LOG10(ABS(D44-C44)/ABS(C44))))) -> 15 | F44: 4.2957199 | G44: 4.2957199 | H44: =IF(G44="","",IF(G44=F44,15,MIN(15,-LOG10(ABS(G44-F44)/ABS(F44))))) -> 15
A45: PCB in Lake Cayuga trout | B45: beta2 | C45: 12.790382 | D45: 12.790382 | E45: =IF(D45="","",IF(D45=C45,15,MIN(15,-LOG10(ABS(D45-C45)/ABS(C45))))) -> 15 | F45: 2.4895333 | G45: 2.4895333 | H45: =IF(G45="","",IF(G45=F45,15,MIN(15,-LOG10(ABS(G45-F45)/ABS(F45))))) -> 15
A46: PCB in Lake Cayuga trout | B46: RSS | C46: 752.76212 | D46: 752.76212 | E46: =IF(D46="","",IF(D46=C46,15,MIN(15,-LOG10(ABS(D46-C46)/ABS(C46))))) -> 15
A47: Nitrite utilization, day 1 (model 1) | B47: theta1 | C47: 89797.958 | D47: 89797.955 | E47: =IF(D47="","",IF(D47=C47,15,MIN(15,-LOG10(ABS(D47-C47)/ABS(C47))))) -> 7.6059261 | F47: 37280.462 | G47: 37280.45 | H47: =IF(G47="","",IF(G47=F47,15,MIN(15,-LOG10(ABS(G47-F47)/ABS(F47))))) -> 6.4863161
A48: Nitrite utilization, day 1 (model 1) | B48: theta2 | C48: 186.61871 | D48: 186.61871 | E48: =IF(D48="","",IF(D48=C48,15,MIN(15,-LOG10(ABS(D48-C48)/ABS(C48))))) -> 7.5461087 | F48: 89.361497 | G48: 89.361468 | H48: =IF(G48="","",IF(G48=F48,15,MIN(15,-LOG10(ABS(G48-F48)/ABS(F48))))) -> 6.4894828
A49: Nitrite utilization, day 1 (model 1) | B49: theta3 | C49: 0.016252433 | D49: 0.016252432 | E49: =IF(D49="","",IF(D49=C49,15,MIN(15,-LOG10(ABS(D49-C49)/ABS(C49))))) -> 7.46901 | F49: 0.0091435643 | G49: 0.0091435612 | H49: =IF(G49="","",IF(G49=F49,15,MIN(15,-LOG10(ABS(G49-F49)/ABS(F49))))) -> 6.4813432
A50: Nitrite utilization, day 1 (model 1) | B50: RSS | C50: 15789509 | D50: 15789509 | E50: =IF(D50="","",IF(D50=C50,15,MIN(15,-LOG10(ABS(D50-C50)/ABS(C50))))) -> 14.203963
A51: Nitrite utilization, day 1 (model 2) | B51: theta1 | C51: 41964.411 | D51: 41964.415 | E51: =IF(D51="","",IF(D51=C51,15,MIN(15,-LOG10(ABS(D51-C51)/ABS(C51))))) -> 6.988369 | F51: 21755.775 | G51: 21755.687 | H51: =IF(G51="","",IF(G51=F51,15,MIN(15,-LOG10(ABS(G51-F51)/ABS(F51))))) -> 5.3933349
A52: Nitrite utilization, day 1 (model 2) | B52: theta2 | C52: 0.016506394 | D52: 0.016506393 | E52: =IF(D52="","",IF(D52=C52,15,MIN(15,-LOG10(ABS(D52-C52)/ABS(C52))))) -> 7.2238523 | F52: 0.0048810894 | G52: 0.0048810859 | H52: =IF(G52="","",IF(G52=F52,15,MIN(15,-LOG10(ABS(G52-F52)/ABS(F52))))) -> 6.1527278
A53: Nitrite utilization, day 1 (model 2) | B53: theta3 | C53: 0.0040341272 | D53: 0.0040341276 | E53: =IF(D53="","",IF(D53=C53,15,MIN(15,-LOG10(ABS(D53-C53)/ABS(C53))))) -> 6.9806875 | F53: 0.0021692843 | G53: 0.0021692803 | H53: =IF(G53="","",IF(G53=F53,15,MIN(15,-LOG10(ABS(G53-F53)/ABS(F53))))) -> 5.7420082
A54: Nitrite utilization, day 1 (model 2) | B54: RSS | C54: 17701320 | D54: 17701320 | E54: =IF(D54="","",IF(D54=C54,15,MIN(15,-LOG10(ABS(D54-C54)/ABS(C54))))) -> 14.245482
A55: Nitrite utilization, day 2 (model 1) | B55: theta1 | C55: 50900.143 | D55: 50900.143 | E55: =IF(D55="","",IF(D55=C55,15,MIN(15,-LOG10(ABS(D55-C55)/ABS(C55))))) -> 15 | F55: 13855.312 | G55: 13855.306 | H55: =IF(G55="","",IF(G55=F55,15,MIN(15,-LOG10(ABS(G55-F55)/ABS(F55))))) -> 6.3729322
A56: Nitrite utilization, day 2 (model 1) | B56: theta2 | C56: 103.52788 | D56: 103.52788 | E56: =IF(D56="","",IF(D56=C56,15,MIN(15,-LOG10(ABS(D56-C56)/ABS(C56))))) -> 15 | F56: 35.727122 | G56: 35.727107 | H56: =IF(G56="","",IF(G56=F56,15,MIN(15,-LOG10(ABS(G56-F56)/ABS(F56))))) -> 6.3695348
A57: Nitrite utilization, day 2 (model 1) | B57: theta3 | C57: 0.0078027653 | D57: 0.0078027653 | E57: =IF(D57="","",IF(D57=C57,15,MIN(15,-LOG10(ABS(D57-C57)/ABS(C57))))) -> 15 | F57: 0.0037074508 | G57: 0.0037074492 | H57: =IF(G57="","",IF(G57=F57,15,MIN(15,-LOG10(ABS(G57-F57)/ABS(F57))))) -> 6.3759537
A58: Nitrite utilization, day 2 (model 1) | B58: RSS | C58: 16233083 | D58: 16233083 | E58: =IF(D58="","",IF(D58=C58,15,MIN(15,-LOG10(ABS(D58-C58)/ABS(C58))))) -> 15
A59: Nitrite utilization, day 2 (model 2) | B59: theta1 | C59: 27681.445 | D59: 27681.445 | E59: =IF(D59="","",IF(D59=C59,15,MIN(15,-LOG10(ABS(D59-C59)/ABS(C59))))) -> 7.5971169 | F59: 7466.0184 | G59: 7466.0301 | H59: =IF(G59="","",IF(G59=F59,15,MIN(15,-LOG10(ABS(G59-F59)/ABS(F59))))) -> 5.804655
A60: Nitrite utilization, day 2 (model 2) | B60: theta2 | C60: 0.020743387 | D60: 0.020743388 | E60: =IF(D60="","",IF(D60=C60,15,MIN(15,-LOG10(ABS(D60-C60)/ABS(C60))))) -> 7.6935188 | F60: 0.0044215552 | G60: 0.0044215558 | H60: =IF(G60="","",IF(G60=F60,15,MIN(15,-LOG10(ABS(G60-F60)/ABS(F60))))) -> 6.8714007
A61: Nitrite utilization, day 2 (model 2) | B61: theta3 | C61: 0.0024821247 | D61: 0.0024821246 | E61: =IF(D61="","",IF(D61=C61,15,MIN(15,-LOG10(ABS(D61-C61)/ABS(C61))))) -> 7.2821224 | F61: 0.0013991463 | G61: 0.0013991474 | H61: =IF(G61="","",IF(G61=F61,15,MIN(15,-LOG10(ABS(G61-F61)/ABS(F61))))) -> 6.1209214
A62: Nitrite utilization, day 2 (model 2) | B62: RSS | C62: 16272928 | D62: 16272928 | E62: =IF(D62="","",IF(D62=C62,15,MIN(15,-LOG10(ABS(D62-C62)/ABS(C62))))) -> 15

Sheet Esterase
A1: Carroll & Ruppert (1988) — Esterase assay, weighted least squares
A2: Data: Table 2.3 (108 observations, 5 asterisked observations excluded). Model b0 + b1·x. Reference: R lm() without weights, and with weights 1/fitted² iterated to convergence (ζ = 2).
A3: Book: Example 2.2, pp. 48–51 (published values, 2–4 significant digits). The small differences from the book are already present without weighting (see the statistical document, section 4.3).
A5: Weighting | B5: Quantity | C5: Reference (R) | D5: App | E5: LRE | F5: Book | G5: Difference app vs book (%)
A6: None | B6: b0 | C6: -17.4122 | D6: -17.4122 | E6: =IF(D6="","",IF(D6=C6,15,MIN(15,-LOG10(ABS(D6-C6)/ABS(C6))))) -> 15 | F6: -17.02 | G6: =IF(F6="","",(D6-F6)/ABS(F6)) -> -0.023043476
A7: None | B7: b1 | C7: 17.066213 | D7: 17.066213 | E7: =IF(D7="","",IF(D7=C7,15,MIN(15,-LOG10(ABS(D7-C7)/ABS(C7))))) -> 15 | F7: 17.05 | G7: =IF(F7="","",(D7-F7)/ABS(F7)) -> 0.00095090213
A8: None | B8: se_b0 | C8: 20.510594 | D8: 20.510594 | E8: =IF(D8="","",IF(D8=C8,15,MIN(15,-LOG10(ABS(D8-C8)/ABS(C8))))) -> 15 | G8: =IF(F8="","",(D8-F8)/ABS(F8))
A9: None | B9: se_b1 | C9: 0.89278785 | D9: 0.89278785 | E9: =IF(D9="","",IF(D9=C9,15,MIN(15,-LOG10(ABS(D9-C9)/ABS(C9))))) -> 15 | G9: =IF(F9="","",(D9-F9)/ABS(F9))
A10: None | B10: sigma | C10: 101.84672 | D10: 101.84672 | E10: =IF(D10="","",IF(D10=C10,15,MIN(15,-LOG10(ABS(D10-C10)/ABS(C10))))) -> 15 | G10: =IF(F10="","",(D10-F10)/ABS(F10))
A11: 1/ŷ² (ζ = 2) | B11: b0 | C11: -37.981843 | D11: -37.981843 | E11: =IF(D11="","",IF(D11=C11,15,MIN(15,-LOG10(ABS(D11-C11)/ABS(C11))))) -> 9.377352 | F11: -37.36 | G11: =IF(F11="","",(D11-F11)/ABS(F11)) -> -0.016644612
A12: 1/ŷ² (ζ = 2) | B12: b1 | C12: 18.180098 | D12: 18.180098 | E12: =IF(D12="","",IF(D12=C12,15,MIN(15,-LOG10(ABS(D12-C12)/ABS(C12))))) -> 10.233064 | F12: 18.16 | G12: =IF(F12="","",(D12-F12)/ABS(F12)) -> 0.001106702
A13: 1/ŷ² (ζ = 2) | B13: se_b0 | C13: 12.234021 | D13: 12.234021 | E13: =IF(D13="","",IF(D13=C13,15,MIN(15,-LOG10(ABS(D13-C13)/ABS(C13))))) -> 10.393579 | F13: 12.21 | G13: =IF(F13="","",(D13-F13)/ABS(F13)) -> 0.0019673213
A14: 1/ŷ² (ζ = 2) | B14: se_b1 | C14: 0.94713818 | D14: 0.94713818 | E14: =IF(D14="","",IF(D14=C14,15,MIN(15,-LOG10(ABS(D14-C14)/ABS(C14))))) -> 11.349361 | F14: 0.95 | G14: =IF(F14="","",(D14-F14)/ABS(F14)) -> -0.003012446
A15: 1/ŷ² (ζ = 2) | B15: sigma | C15: 0.27720159 | D15: 0.27720159 | E15: =IF(D15="","",IF(D15=C15,15,MIN(15,-LOG10(ABS(D15-C15)/ABS(C15))))) -> 11.48807 | F15: 0.27 | G15: =IF(F15="","",(D15-F15)/ABS(F15)) -> 0.026672558

Sheet ComBase
A1: ComBase — 26 Salmonella growth curves, Baranyi & Roberts model
A2: ComBase: parameters from the ComBase fit (Baranyi & Roberts, 1994, n = m = 1, fitted on ln counts, reported in log10). App: custom formula, the same model written for log10 counts (24 complete curves; 2 without asymptote: y = N0 + μ·A(t)).
A3: Differences in % and in ComBase standard errors (z = (App − ComBase) / SE ComBase). ComBase values are rounded to 3–4 digits, so LRE is not used. SE of Fit (ComBase) and RMSE (app) are the same quantity, √[SSE/(n − p)].
A5: Series | B5: Model | C5: Parameter | D5: ComBase | E5: SE ComBase | F5: App | G5: SE app | H5: Difference (%) | I5: Difference in SE (z) | J5: |z| | K5: Difference of SE (%)
A6: B092_25 | B6: complete | C6: N0 | D6: 2.597 | E6: 0.144 | F6: 2.6080974 | G6: 0.13665184 | H6: =(F6-D6)/ABS(D6) -> 0.0042731432 | I6: =(F6-D6)/E6 -> 0.077064951 | J6: =ABS(I6) -> 0.077064951 | K6: =(G6-E6)/E6 -> -0.051028899
A7: B092_25 | B7: complete | C7: lag | D7: 48.0058 | E7: 15.139 | F7: 42.780735 | G7: 12.96667 | H7: =(F7-D7)/ABS(D7) -> -0.10884237 | I7: =(F7-D7)/E7 -> -0.34513937 | J7: =ABS(I7) -> 0.34513937 | K7: =(G7-E7)/E7 -> -0.14349232
A8: B092_25 | B8: complete | C8: mu_max | D8: 0.0153 | E8: 0.000586 | F8: 0.014821563 | G8: 0.00043094825 | H8: =(F8-D8)/ABS(D8) -> -0.031270416 | I8: =(F8-D8)/E8 -> -0.81644602 | J8: =ABS(I8) -> 0.81644602 | K8: =(G8-E8)/E8 -> -0.26459343
A9: B092_25 | B9: complete | C9: log_Nmax | D9: 8.658 | E9: 0.104 | F9: 8.5954697 | G9: 0.082969466 | H9: =(F9-D9)/ABS(D9) -> -0.0072222603 | I9: =(F9-D9)/E9 -> -0.60125317 | J9: =ABS(I9) -> 0.60125317 | K9: =(G9-E9)/E9 -> -0.20221667
A10: B092_25 | B10: complete | C10: SE of Fit / RMSE | D10: 0.166 | F10: 0.15004179 | H10: =(F10-D10)/ABS(D10) -> -0.096133791
A11: B092_25 | B11: complete | C11: R-square (adjusted) | D11: 0.994 | F11: 0.99528789 | H11: =(F11-D11)/ABS(D11) -> 0.0012956665
A12: B092_45 | B12: complete | C12: N0 | D12: 3.515 | E12: 0.509 | F12: 3.4651597 | G12: 0.50090679 | H12: =(F12-D12)/ABS(D12) -> -0.014179306 | I12: =(F12-D12)/E12 -> -0.097917994 | J12: =ABS(I12) -> 0.097917994 | K12: =(G12-E12)/E12 -> -0.015900215
A13: B092_45 | B13: complete | C13: lag | D13: 119.611 | E13: 56.452 | F13: 107.01048 | G13: 53.245278 | H13: =(F13-D13)/ABS(D13) -> -0.10534585 | I13: =(F13-D13)/E13 -> -0.22320773 | J13: =ABS(I13) -> 0.22320773 | K13: =(G13-E13)/E13 -> -0.056804408
A14: B092_45 | B14: complete | C14: mu_max | D14: 0.0157 | E14: 0.00314 | F14: 0.015103739 | G14: 0.0026808551 | H14: =(F14-D14)/ABS(D14) -> -0.037978383 | I14: =(F14-D14)/E14 -> -0.18989192 | J14: =ABS(I14) -> 0.18989192 | K14: =(G14-E14)/E14 -> -0.14622451
A15: B092_45 | B15: complete | C15: log_Nmax | D15: 8.645 | E15: 0.298 | F15: 8.6468399 | G15: 0.28722813 | H15: =(F15-D15)/ABS(D15) -> 0.00021282872 | I15: =(F15-D15)/E15 -> 0.0061741755 | J15: =ABS(I15) -> 0.0061741755 | K15: =(G15-E15)/E15 -> -0.036147222
A16: B092_45 | B16: complete | C16: SE of Fit / RMSE | D16: 0.631 | F16: 0.62746292 | H16: =(F16-D16)/ABS(D16) -> -0.0056055093
A17: B092_45 | B17: complete | C17: R-square (adjusted) | D17: 0.872 | F17: 0.87383764 | H17: =(F17-D17)/ABS(D17) -> 0.0021073815
A18: B092_4 | B18: complete | C18: N0 | D18: 3.194 | E18: 0.119 | F18: 3.2114304 | G18: 0.11819789 | H18: =(F18-D18)/ABS(D18) -> 0.0054572467 | I18: =(F18-D18)/E18 -> 0.14647434 | J18: =ABS(I18) -> 0.14647434 | K18: =(G18-E18)/E18 -> -0.0067404499
A19: B092_4 | B19: complete | C19: lag | D19: 68.295 | E19: 14.223 | F19: 66.507215 | G19: 13.752604 | H19: =(F19-D19)/ABS(D19) -> -0.026177389 | I19: =(F19-D19)/E19 -> -0.12569674 | J19: =ABS(I19) -> 0.12569674 | K19: =(G19-E19)/E19 -> -0.033072934
A20: B092_4 | B20: complete | C20: mu_max | D20: 0.0173 | E20: 0.00142 | F20: 0.016948463 | G20: 0.0013203492 | H20: =(F20-D20)/ABS(D20) -> -0.020320063 | I20: =(F20-D20)/E20 -> -0.24756133 | J20: =ABS(I20) -> 0.24756133 | K20: =(G20-E20)/E20 -> -0.070176624
A21: B092_4 | B21: complete | C21: log_Nmax | D21: 7.695 | E21: 0.0979 | F21: 7.6947906 | G21: 0.097113415 | H21: =(F21-D21)/ABS(D21) -> -2.7215667e-05 | I21: =(F21-D21)/E21 -> -0.0021391681 | J21: =ABS(I21) -> 0.0021391681 | K21: =(G21-E21)/E21 -> -0.0080345758
A22: B092_4 | B22: complete | C22: SE of Fit / RMSE | D22: 0.212 | F22: 0.21157578 | H22: =(F22-D22)/ABS(D22) -> -0.0020010603
A23: B092_4 | B23: complete | C23: R-square (adjusted) | D23: 0.984 | F23: 0.98393711 | H23: =(F23-D23)/ABS(D23) -> -6.3912488e-05
A24: B092_32 | B24: complete | C24: N0 | D24: 2.687 | E24: 0.262 | F24: 2.6887413 | G24: 0.27844037 | H24: =(F24-D24)/ABS(D24) -> 0.00064802929 | I24: =(F24-D24)/E24 -> 0.0066460103 | J24: =ABS(I24) -> 0.0066460103 | K24: =(G24-E24)/E24 -> 0.062749486
A25: B092_32 | B25: complete | C25: lag | D25: 38.413 | E25: 28.303 | F25: 32.395332 | G25: 27.584172 | H25: =(F25-D25)/ABS(D25) -> -0.15665707 | I25: =(F25-D25)/E25 -> -0.2126159 | J25: =ABS(I25) -> 0.2126159 | K25: =(G25-E25)/E25 -> -0.025397596
A26: B092_32 | B26: complete | C26: mu_max | D26: 0.0158 | E26: 0.00139 | F26: 0.015240954 | G26: 0.0011636498 | H26: =(F26-D26)/ABS(D26) -> -0.035382669 | I26: =(F26-D26)/E26 -> -0.40219149 | J26: =ABS(I26) -> 0.40219149 | K26: =(G26-E26)/E26 -> -0.16284188
A27: B092_32 | B27: complete | C27: log_Nmax | D27: 8.283 | E27: 0.177 | F27: 8.2498546 | G27: 0.1649319 | H27: =(F27-D27)/ABS(D27) -> -0.0040016223 | I27: =(F27-D27)/E27 -> -0.18726236 | J27: =ABS(I27) -> 0.18726236 | K27: =(G27-E27)/E27 -> -0.068181331
A28: B092_32 | B28: complete | C28: SE of Fit / RMSE | D28: 0.342 | F28: 0.34253698 | H28: =(F28-D28)/ABS(D28) -> 0.0015701105
A29: B092_32 | B29: complete | C29: R-square (adjusted) | D29: 0.97 | F29: 0.97030366 | H29: =(F29-D29)/ABS(D29) -> 0.00031304751
A30: B092_17 | B30: complete | C30: N0 | D30: 3.906 | E30: 0.108 | F30: 3.9385526 | G30: 0.10278333 | H30: =(F30-D30)/ABS(D30) -> 0.0083339904 | I30: =(F30-D30)/E30 -> 0.30141265 | J30: =ABS(I30) -> 0.30141265 | K30: =(G30-E30)/E30 -> -0.04830252
A31: B092_17 | B31: complete | C31: lag | D31: 79.273 | E31: 9.57 | F31: 76.454988 | G31: 8.8671731 | H31: =(F31-D31)/ABS(D31) -> -0.035548199 | I31: =(F31-D31)/E31 -> -0.29446315 | J31: =ABS(I31) -> 0.29446315 | K31: =(G31-E31)/E31 -> -0.073440641
A32: B092_17 | B32: complete | C32: mu_max | D32: 0.0313 | E32: 0.00277 | F32: 0.030092281 | G32: 0.0025215298 | H32: =(F32-D32)/ABS(D32) -> -0.038585277 | I32: =(F32-D32)/E32 -> -0.43599969 | J32: =ABS(I32) -> 0.43599969 | K32: =(G32-E32)/E32 -> -0.089700442
A33: B092_17 | B33: complete | C33: log_Nmax | D33: 9.0401 | E33: 0.253 | F33: 9.0373072 | G33: 0.25028161 | H33: =(F33-D33)/ABS(D33) -> -0.00030893931 | I33: =(F33-D33)/E33 -> -0.011038902 | J33: =ABS(I33) -> 0.011038902 | K33: =(G33-E33)/E33 -> -0.010744619
A34: B092_17 | B34: complete | C34: SE of Fit / RMSE | D34: 0.323 | F34: 0.32814661 | H34: =(F34-D34)/ABS(D34) -> 0.015933764
A35: B092_17 | B35: complete | C35: R-square (adjusted) | D35: 0.969 | F35: 0.96815473 | H35: =(F35-D35)/ABS(D35) -> -0.0008723077
A36: B146_1 | B36: complete | C36: N0 | D36: 3.967 | E36: 0.0985 | F36: 3.9669666 | G36: 0.098078441 | H36: =(F36-D36)/ABS(D36) -> -8.4292664e-06 | I36: =(F36-D36)/E36 -> -0.00033948122 | J36: =ABS(I36) -> 0.00033948122 | K36: =(G36-E36)/E36 -> -0.0042797833
A37: B146_1 | B37: complete | C37: lag | D37: 90.373 | E37: 33.0445 | F37: 86.841323 | G37: 29.472383 | H37: =(F37-D37)/ABS(D37) -> -0.039078894 | I37: =(F37-D37)/E37 -> -0.10687639 | J37: =ABS(I37) -> 0.10687639 | K37: =(G37-E37)/E37 -> -0.1081002
A38: B146_1 | B38: complete | C38: mu_max | D38: 0.0808 | E38: 0.0499 | F38: 0.075576399 | G38: 0.038330697 | H38: =(F38-D38)/ABS(D38) -> -0.064648533 | I38: =(F38-D38)/E38 -> -0.10468139 | J38: =ABS(I38) -> 0.10468139 | K38: =(G38-E38)/E38 -> -0.23184977
A39: B146_1 | B39: complete | C39: log_Nmax | D39: 8.403 | E39: 0.0843 | F39: 8.4025705 | G39: 0.084327999 | H39: =(F39-D39)/ABS(D39) -> -5.1118517e-05 | I39: =(F39-D39)/E39 -> -0.0050954792 | J39: =ABS(I39) -> 0.0050954792 | K39: =(G39-E39)/E39 -> 0.00033213567
A40: B146_1 | B40: complete | C40: SE of Fit / RMSE | D40: 0.169 | F40: 0.16862621 | H40: =(F40-D40)/ABS(D40) -> -0.0022117796
A41: B146_1 | B41: complete | C41: R-square (adjusted) | D41: 0.995 | F41: 0.99463429 | H41: =(F41-D41)/ABS(D41) -> -0.0003675493
A42: B146_2 | B42: no asymptote | C42: N0 | D42: 3.518 | E42: 1.948 | F42: 3.6390739 | G42: 1.66162 | H42: =(F42-D42)/ABS(D42) -> 0.034415536 | I42: =(F42-D42)/E42 -> 0.062152903 | J42: =ABS(I42) -> 0.062152903 | K42: =(G42-E42)/E42 -> -0.14701232
A43: B146_2 | B43: no asymptote | C43: lag | D43: 32.316 | E43: 109.105 | F43: 37.59059 | G43: 93.118042 | H43: =(F43-D43)/ABS(D43) -> 0.16321916 | I43: =(F43-D43)/E43 -> 0.048344166 | J43: =ABS(I43) -> 0.048344166 | K43: =(G43-E43)/E43 -> -0.14652819
A44: B146_2 | B44: no asymptote | C44: mu_max | D44: 0.0279 | E44: 0.00985 | F44: 0.028138745 | G44: 0.0094399231 | H44: =(F44-D44)/ABS(D44) -> 0.0085571628 | I44: =(F44-D44)/E44 -> 0.024238055 | J44: =ABS(I44) -> 0.024238055 | K44: =(G44-E44)/E44 -> -0.041632173
A45: B146_2 | B45: no asymptote | C45: SE of Fit / RMSE | D45: 1.179 | F45: 1.1712184 | H45: =(F45-D45)/ABS(D45) -> -0.0066001321
A46: B146_2 | B46: no asymptote | C46: R-square (adjusted) | D46: 0.766 | F46: 0.76930238 | H46: =(F46-D46)/ABS(D46) -> 0.0043112037
A47: B132_1 | B47: complete | C47: N0 | D47: 3.789 | E47: 0.0964 | F47: 3.7867962 | G47: 0.0941543 | H47: =(F47-D47)/ABS(D47) -> -0.00058163498 | I47: =(F47-D47)/E47 -> -0.022861151 | J47: =ABS(I47) -> 0.022861151 | K47: =(G47-E47)/E47 -> -0.023295648
A48: B132_1 | B48: complete | C48: lag | D48: 88.879 | E48: 15.712 | F48: 81.549617 | G48: 12.897374 | H48: =(F48-D48)/ABS(D48) -> -0.082464727 | I48: =(F48-D48)/E48 -> -0.4664831 | J48: =ABS(I48) -> 0.4664831 | K48: =(G48-E48)/E48 -> -0.1791386
A49: B132_1 | B49: complete | C49: mu_max | D49: 0.0684 | E49: 0.0187 | F49: 0.06018175 | G49: 0.011876902 | H49: =(F49-D49)/ABS(D49) -> -0.12014986 | I49: =(F49-D49)/E49 -> -0.43947862 | J49: =ABS(I49) -> 0.43947862 | K49: =(G49-E49)/E49 -> -0.36487153
A50: B132_1 | B50: complete | C50: log_Nmax | D50: 9.174 | E50: 0.0957 | F50: 9.1747206 | G50: 0.094754399 | H50: =(F50-D50)/ABS(D50) -> 7.8544791e-05 | I50: =(F50-D50)/E50 -> 0.0075294661 | J50: =ABS(I50) -> 0.0075294661 | K50: =(G50-E50)/E50 -> -0.0098808921
A51: B132_1 | B51: complete | C51: SE of Fit / RMSE | D51: 0.161 | F51: 0.16018867 | H51: =(F51-D51)/ABS(D51) -> -0.0050393165
A52: B132_1 | B52: complete | C52: R-square (adjusted) | D52: 0.996 | F52: 0.99647845 | H52: =(F52-D52)/ABS(D52) -> 0.00048037311
A53: B132_2 | B53: no asymptote | C53: N0 | D53: 3.404 | E53: 1.37 | F53: 3.6044338 | G53: 1.0686282 | H53: =(F53-D53)/ABS(D53) -> 0.05888185 | I53: =(F53-D53)/E53 -> 0.14630206 | J53: =ABS(I53) -> 0.14630206 | K53: =(G53-E53)/E53 -> -0.21997945
A54: B132_2 | B54: no asymptote | C54: lag | D54: 43.924 | E54: 69.318 | F54: 50.2687 | G54: 54.186802 | H54: =(F54-D54)/ABS(D54) -> 0.14444723 | I54: =(F54-D54)/E54 -> 0.09153034 | J54: =ABS(I54) -> 0.09153034 | K54: =(G54-E54)/E54 -> -0.21828671
A55: B132_2 | B55: no asymptote | C55: mu_max | D55: 0.0348 | E55: 0.00959 | F55: 0.034979236 | G55: 0.0088667958 | H55: =(F55-D55)/ABS(D55) -> 0.0051504547 | I55: =(F55-D55)/E55 -> 0.018689867 | J55: =ABS(I55) -> 0.018689867 | K55: =(G55-E55)/E55 -> -0.075412324
A56: B132_2 | B56: no asymptote | C56: SE of Fit / RMSE | D56: 1.0519 | F56: 1.0313316 | H56: =(F56-D56)/ABS(D56) -> -0.019553608
A57: B132_2 | B57: no asymptote | C57: R-square (adjusted) | D57: 0.863 | F57: 0.86830043 | H57: =(F57-D57)/ABS(D57) -> 0.0061418672
A58: B419_12 | B58: complete | C58: N0 | D58: 2.294 | E58: 0.0987 | F58: 2.3031242 | G58: 0.074331524 | H58: =(F58-D58)/ABS(D58) -> 0.003977436 | I58: =(F58-D58)/E58 -> 0.092444155 | J58: =ABS(I58) -> 0.092444155 | K58: =(G58-E58)/E58 -> -0.24689439
A59: B419_12 | B59: complete | C59: lag | D59: 23.119 | E59: 3.52 | F59: 19.958869 | G59: 2.4623854 | H59: =(F59-D59)/ABS(D59) -> -0.1366898 | I59: =(F59-D59)/E59 -> -0.89776462 | J59: =ABS(I59) -> 0.89776462 | K59: =(G59-E59)/E59 -> -0.3004587
A60: B419_12 | B60: complete | C60: mu_max | D60: 0.0539 | E60: 0.00198 | F60: 0.051128064 | G60: 0.0011900053 | H60: =(F60-D60)/ABS(D60) -> -0.051427387 | I60: =(F60-D60)/E60 -> -1.3999677 | J60: =ABS(I60) -> 1.3999677 | K60: =(G60-E60)/E60 -> -0.39898722
A61: B419_12 | B61: complete | C61: log_Nmax | D61: 8.659 | E61: 0.0649 | F61: 8.6387682 | G61: 0.045175914 | H61: =(F61-D61)/ABS(D61) -> -0.0023365021 | I61: =(F61-D61)/E61 -> -0.31173762 | J61: =ABS(I61) -> 0.31173762 | K61: =(G61-E61)/E61 -> -0.30391504
A62: B419_12 | B62: complete | C62: SE of Fit / RMSE | D62: 0.108 | F62: 0.07832025 | H62: =(F62-D62)/ABS(D62) -> -0.2748125
A63: B419_12 | B63: complete | C63: R-square (adjusted) | D63: 0.998 | F63: 0.99905748 | H63: =(F63-D63)/ABS(D63) -> 0.0010595961
A64: B301_75 | B64: complete | C64: N0 | D64: 3.117 | E64: 0.273 | F64: 3.1419475 | G64: 0.27809229 | H64: =(F64-D64)/ABS(D64) -> 0.0080036955 | I64: =(F64-D64)/E64 -> 0.091382853 | J64: =ABS(I64) -> 0.091382853 | K64: =(G64-E64)/E64 -> 0.018653092
A65: B301_75 | B65: complete | C65: lag | D65: 7.0645 | E65: 10.788 | F65: 6.7051802 | G65: 10.105601 | H65: =(F65-D65)/ABS(D65) -> -0.050862737 | I65: =(F65-D65)/E65 -> -0.03330736 | J65: =ABS(I65) -> 0.03330736 | K65: =(G65-E65)/E65 -> -0.063255366
A66: B301_75 | B66: complete | C66: mu_max | D66: 0.0409 | E66: 0.00388 | F66: 0.040114127 | G66: 0.0033935817 | H66: =(F66-D66)/ABS(D66) -> -0.019214488 | I66: =(F66-D66)/E66 -> -0.20254447 | J66: =ABS(I66) -> 0.20254447 | K66: =(G66-E66)/E66 -> -0.12536554
A67: B301_75 | B67: complete | C67: log_Nmax | D67: 8.462 | E67: 0.132 | F67: 8.4572321 | G67: 0.12804864 | H67: =(F67-D67)/ABS(D67) -> -0.00056345318 | I67: =(F67-D67)/E67 -> -0.036120764 | J67: =ABS(I67) -> 0.036120764 | K67: =(G67-E67)/E67 -> -0.029934537
A68: B301_75 | B68: complete | C68: SE of Fit / RMSE | D68: 0.286 | F68: 0.28429514 | H68: =(F68-D68)/ABS(D68) -> -0.005961058
A69: B301_75 | B69: complete | C69: R-square (adjusted) | D69: 0.979 | F69: 0.97879225 | H69: =(F69-D69)/ABS(D69) -> -0.00021220876
A70: B301_79 | B70: complete | C70: N0 | D70: 3.244 | E70: 0.0956 | F70: 3.262299 | G70: 0.093370612 | H70: =(F70-D70)/ABS(D70) -> 0.0056408734 | I70: =(F70-D70)/E70 -> 0.19141206 | J70: =ABS(I70) -> 0.19141206 | K70: =(G70-E70)/E70 -> -0.023319961
A71: B301_79 | B71: complete | C71: lag | D71: 17.224 | E71: 3.552 | F71: 16.37644 | G71: 3.2909057 | H71: =(F71-D71)/ABS(D71) -> -0.049208082 | I71: =(F71-D71)/E71 -> -0.23861487 | J71: =ABS(I71) -> 0.23861487 | K71: =(G71-E71)/E71 -> -0.073506286
A72: B301_79 | B72: complete | C72: mu_max | D72: 0.0465 | E72: 0.00173 | F72: 0.045469559 | G72: 0.0015023572 | H72: =(F72-D72)/ABS(D72) -> -0.022160022 | I72: =(F72-D72)/E72 -> -0.59563065 | J72: =ABS(I72) -> 0.59563065 | K72: =(G72-E72)/E72 -> -0.13158542
A73: B301_79 | B73: complete | C73: log_Nmax | D73: 8.237 | E73: 0.0446 | F73: 8.2334716 | G73: 0.041890082 | H73: =(F73-D73)/ABS(D73) -> -0.00042835568 | I73: =(F73-D73)/E73 -> -0.079111339 | J73: =ABS(I73) -> 0.079111339 | K73: =(G73-E73)/E73 -> -0.060760494
A74: B301_79 | B74: complete | C74: SE of Fit / RMSE | D74: 0.105 | F74: 0.10033429 | H74: =(F74-D74)/ABS(D74) -> -0.044435335
A75: B301_79 | B75: complete | C75: R-square (adjusted) | D75: 0.997 | F75: 0.9971981 | H75: =(F75-D75)/ABS(D75) -> 0.00019869189
A76: B301_82 | B76: complete | C76: N0 | D76: 3.251 | E76: 0.13 | F76: 3.2440069 | G76: 0.12916285 | H76: =(F76-D76)/ABS(D76) -> -0.002151065 | I76: =(F76-D76)/E76 -> -0.053793171 | J76: =ABS(I76) -> 0.053793171 | K76: =(G76-E76)/E76 -> -0.0064396192
A77: B301_82 | B77: complete | C77: lag | D77: 46.876 | E77: 8.359 | F77: 44.152229 | G77: 7.9725394 | H77: =(F77-D77)/ABS(D77) -> -0.058105883 | I77: =(F77-D77)/E77 -> -0.32584895 | J77: =ABS(I77) -> 0.32584895 | K77: =(G77-E77)/E77 -> -0.046232876
A78: B301_82 | B78: complete | C78: mu_max | D78: 0.0313 | E78: 0.00211 | F78: 0.030475762 | G78: 0.0018859191 | H78: =(F78-D78)/ABS(D78) -> -0.026333472 | I78: =(F78-D78)/E78 -> -0.39063397 | J78: =ABS(I78) -> 0.39063397 | K78: =(G78-E78)/E78 -> -0.10619949
A79: B301_82 | B79: complete | C79: log_Nmax | D79: 7.92 | E79: 0.0533 | F79: 7.9213103 | G79: 0.052200985 | H79: =(F79-D79)/ABS(D79) -> 0.00016543983 | I79: =(F79-D79)/E79 -> 0.02458318 | J79: =ABS(I79) -> 0.02458318 | K79: =(G79-E79)/E79 -> -0.020619427
A80: B301_82 | B80: complete | C80: SE of Fit / RMSE | D80: 0.17 | F80: 0.16723434 | H80: =(F80-D80)/ABS(D80) -> -0.016268592
A81: B301_82 | B81: complete | C81: R-square (adjusted) | D81: 0.991 | F81: 0.99137797 | H81: =(F81-D81)/ABS(D81) -> 0.00038139974
A82: B301_81 | B82: complete | C82: N0 | D82: 3.402 | E82: 0.148 | F82: 3.3836019 | G82: 0.14601152 | H82: =(F82-D82)/ABS(D82) -> -0.0054080266 | I82: =(F82-D82)/E82 -> -0.12431153 | J82: =ABS(I82) -> 0.12431153 | K82: =(G82-E82)/E82 -> -0.013435655
A83: B301_81 | B83: complete | C83: lag | D83: 15.312 | E83: 4.0493 | F83: 13.592578 | G83: 3.7637202 | H83: =(F83-D83)/ABS(D83) -> -0.11229245 | I83: =(F83-D83)/E83 -> -0.42462202 | J83: =ABS(I83) -> 0.42462202 | K83: =(G83-E83)/E83 -> -0.07052571
A84: B301_81 | B84: complete | C84: mu_max | D84: 0.0621 | E84: 0.00338 | F84: 0.060196738 | G84: 0.0028643918 | H84: =(F84-D84)/ABS(D84) -> -0.030648341 | I84: =(F84-D84)/E84 -> -0.56309525 | J84: =ABS(I84) -> 0.56309525 | K84: =(G84-E84)/E84 -> -0.1525468
A85: B301_81 | B85: complete | C85: log_Nmax | D85: 8.461 | E85: 0.0645 | F85: 8.4600686 | G85: 0.061317304 | H85: =(F85-D85)/ABS(D85) -> -0.00011008197 | I85: =(F85-D85)/E85 -> -0.014440366 | J85: =ABS(I85) -> 0.014440366 | K85: =(G85-E85)/E85 -> -0.04934413
A86: B301_81 | B86: complete | C86: SE of Fit / RMSE | D86: 0.156 | F86: 0.14981733 | H86: =(F86-D86)/ABS(D86) -> -0.039632492
A87: B301_81 | B87: complete | C87: R-square (adjusted) | D87: 0.993 | F87: 0.99388001 | H87: =(F87-D87)/ABS(D87) -> 0.00088621018
A88: B092_26 | B88: complete | C88: N0 | D88: 2.816 | E88: 0.523 | F88: 2.7355548 | G88: 0.54085148 | H88: =(F88-D88)/ABS(D88) -> -0.02856717 | I88: =(F88-D88)/E88 -> -0.15381482 | J88: =ABS(I88) -> 0.15381482 | K88: =(G88-E88)/E88 -> 0.034132858
A89: B092_26 | B89: complete | C89: lag | D89: 22.853 | E89: 8.862 | F89: 18.727914 | G89: 8.0083381 | H89: =(F89-D89)/ABS(D89) -> -0.18050525 | I89: =(F89-D89)/E89 -> -0.46548031 | J89: =ABS(I89) -> 0.46548031 | K89: =(G89-E89)/E89 -> -0.096328353
A90: B092_26 | B90: complete | C90: mu_max | D90: 0.0923 | E90: 0.0106 | F90: 0.086104868 | G90: 0.0080675602 | H90: =(F90-D90)/ABS(D90) -> -0.067119522 | I90: =(F90-D90)/E90 -> -0.5844464 | J90: =ABS(I90) -> 0.5844464 | K90: =(G90-E90)/E90 -> -0.23890942
A91: B092_26 | B91: complete | C91: log_Nmax | D91: 9.759 | E91: 0.37 | F91: 9.765052 | G91: 0.35272351 | H91: =(F91-D91)/ABS(D91) -> 0.00062014202 | I91: =(F91-D91)/E91 -> 0.016356665 | J91: =ABS(I91) -> 0.016356665 | K91: =(G91-E91)/E91 -> -0.046693211
A92: B092_26 | B92: complete | C92: SE of Fit / RMSE | D92: 0.565 | F92: 0.54839674 | H92: =(F92-D92)/ABS(D92) -> -0.029386293
A93: B092_26 | B93: complete | C93: R-square (adjusted) | D93: 0.936 | F93: 0.93989511 | H93: =(F93-D93)/ABS(D93) -> 0.0041614445
A94: B092_30 | B94: complete | C94: N0 | D94: 2.691 | E94: 0.449 | F94: 2.6483156 | G94: 0.45204368 | H94: =(F94-D94)/ABS(D94) -> -0.015861925 | I94: =(F94-D94)/E94 -> -0.095065569 | J94: =ABS(I94) -> 0.095065569 | K94: =(G94-E94)/E94 -> 0.0067787997
A95: B092_30 | B95: complete | C95: lag | D95: 20.877 | E95: 6.601 | F95: 17.724993 | G95: 6.1712744 | H95: =(F95-D95)/ABS(D95) -> -0.1509799 | I95: =(F95-D95)/E95 -> -0.47750452 | J95: =ABS(I95) -> 0.47750452 | K95: =(G95-E95)/E95 -> -0.065100082
A96: B092_30 | B96: complete | C96: mu_max | D96: 0.0992 | E96: 0.00931 | F96: 0.092587709 | G96: 0.0074384769 | H96: =(F96-D96)/ABS(D96) -> -0.066656157 | I96: =(F96-D96)/E96 -> -0.71023531 | J96: =ABS(I96) -> 0.71023531 | K96: =(G96-E96)/E96 -> -0.20102288
A97: B092_30 | B97: complete | C97: log_Nmax | D97: 9.403 | E97: 0.279 | F97: 9.4303703 | G97: 0.26696966 | H97: =(F97-D97)/ABS(D97) -> 0.0029108025 | I97: =(F97-D97)/E97 -> 0.098101349 | J97: =ABS(I97) -> 0.098101349 | K97: =(G97-E97)/E97 -> -0.043119492
A98: B092_30 | B98: complete | C98: SE of Fit / RMSE | D98: 0.463 | F98: 0.45304402 | H98: =(F98-D98)/ABS(D98) -> -0.021503204
A99: B092_30 | B99: complete | C99: R-square (adjusted) | D99: 0.95 | F99: 0.95248542 | H99: =(F99-D99)/ABS(D99) -> 0.0026162357
A100: B092_43 | B100: complete | C100: N0 | D100: 3.439 | E100: 0.135 | F100: 3.4530981 | G100: 0.12614524 | H100: =(F100-D100)/ABS(D100) -> 0.0040994794 | I100: =(F100-D100)/E100 -> 0.10443044 | J100: =ABS(I100) -> 0.10443044 | K100: =(G100-E100)/E100 -> -0.065590815
A101: B092_43 | B101: complete | C101: lag | D101: 53.258 | E101: 5.686 | F101: 52.191514 | G101: 5.2799373 | H101: =(F101-D101)/ABS(D101) -> -0.02002489 | I101: =(F101-D101)/E101 -> -0.18756342 | J101: =ABS(I101) -> 0.18756342 | K101: =(G101-E101)/E101 -> -0.071414468
...

Sheet ComBase_B419_12
A1: ComBase — detailed checks on series B419_12 (same 10 data points)
A2: Linear model: closed-form solution, no iterative algorithm, so it checks data, standard errors and SE of Fit. Baranyi & Roberts: ComBase parameters vs the least-squares minimum found by the app with the same model.
A3: ComBase “R-square” corresponds to the adjusted R². Blue: input values; black: formulas.
A5: 1. Linear model
A6: Quantity | B6: ComBase | C6: App | D6: Difference (%)
A7: Initial value | B7: 2.552 | C7: 2.5517395 | D7: =(C7-B7)/ABS(B7) -> -0.00010205878
A8: SE initial value | B8: 0.452 | C8: 0.45237257 | D8: =(C8-B8)/ABS(B8) -> 0.00082427412
A9: Max. Rate | B9: 0.0333 | C9: 0.033297662 | D9: =(C9-B9)/ABS(B9) -> -7.0216517e-05
A10: SE max. rate | B10: 0.00349 | C10: 0.0034850976 | D10: =(C10-B10)/ABS(B10) -> -0.0014046997
A11: SE of Fit / RMSE | B11: 0.768 | C11: 0.76808335 | D11: =(C11-B11)/ABS(B11) -> 0.00010852747
A12: R-square (adjusted) | B12: 0.909 | C12: 0.90935151 | D12: =(C12-B12)/ABS(B12) -> 0.00038670396
A14: 2. Baranyi & Roberts, complete model
A15: Quantity | B15: ComBase | C15: App (least-squares minimum) | D15: Difference (%)
A16: Initial value | B16: 2.294 | C16: 2.3031242 | D16: =(C16-B16)/ABS(B16) -> 0.0039774359
A17: SE initial value | B17: 0.0987 | C17: 0.074331524 | D17: =(C17-B17)/ABS(B17) -> -0.24689439
A18: Lag/shoulder (h) | B18: 23.119 | C18: 19.958869 | D18: =(C18-B18)/ABS(B18) -> -0.1366898
A19: SE lag | B19: 3.52 | C19: 2.4623854 | D19: =(C19-B19)/ABS(B19) -> -0.3004587
A20: Max. Rate | B20: 0.0539 | C20: 0.051128064 | D20: =(C20-B20)/ABS(B20) -> -0.051427386
A21: SE max. rate | B21: 0.00198 | C21: 0.0011900053 | D21: =(C21-B21)/ABS(B21) -> -0.39898722
A22: MPD | B22: 8.659 | C22: 8.6387682 | D22: =(C22-B22)/ABS(B22) -> -0.0023365021
A23: SE MPD | B23: 0.0649 | C23: 0.045175914 | D23: =(C23-B23)/ABS(B23) -> -0.30391504
A24: SE of Fit / RMSE | B24: 0.108 | C24: 0.07832025 | D24: =(C24-B24)/ABS(B24) -> -0.2748125
A25: R-square (adjusted) | B25: 0.998 | C25: 0.99905748 | D25: =(C25-B25)/ABS(B25) -> 0.0010595961
A27: 3. Criteria evaluated at the two parameter sets (lower is better)
A28: Criterion | B28: ComBase parameters | C28: App parameters | D28: Ratio app / ComBase
A29: Sum of squares (log10) | B29: 0.076543433 | C29: 0.036804369 | D29: =C29/B29 -> 0.48082987
A30: Sum of squares (ln) | B30: 0.40582548 | C30: 0.19513301 | D30: =C30/B30 -> 0.48082987
A31: Sum of absolute residuals | B31: 0.65129869 | C31: 0.52478524 | D31: =C31/B31 -> 0.80575203
A32: Maximum absolute residual | B32: 0.20403714 | C32: 0.1095107 | D32: =C32/B32 -> 0.53671946
A34: The app's least-squares minimum is better on every criterion: the ComBase fit stops before the minimum of the same model on the same data.
